Tourist_ID,Country,Age,Gender,Visit_Date,Duration_Days,Spend_USD,Purpose,Satisfaction,Season,Accommodation,Group_Size,Visit_Month,Visit_Year,Spend_Per_Day,Spend_Per_Person,Age_Group
T0001,France,74,Female,2022-01-01,17,1629.9,Medical,1,Winter,Resort,7,1,2022,95.88,232.84,65+
T0002,Thailand,54,Other,2022-01-02,1,4954.71,Business,5,Spring,Airbnb,9,1,2022,4954.71,550.52,51-65
T0003,Canada,62,Male,2022-01-03,27,502.75,Leisure,3,Autumn,Guesthouse,8,1,2022,18.62,62.84,51-65
T0004,Brazil,64,Male,2022-01-04,12,3373.33,Medical,1,Spring,Hostel,9,1,2022,281.11,374.81,51-65
T0005,Canada,48,Female,2022-01-05,28,2844.85,Medical,5,Winter,Resort,2,1,2022,101.6,1422.42,36-50
T0006,Brazil,22,Other,2022-01-06,16,2783.9750000000004,Business,4,Summer,Hostel,9,1,2022,174.0,309.33,18-25
T0007,USA,55,Other,2022-01-07,28,3096.47,Business,3,Winter,Resort,2,1,2022,110.59,1548.24,51-65
T0008,Italy,37,Female,2022-01-08,19,1184.58,Medical,5,Summer,Guesthouse,1,1,2022,62.35,1184.58,36-50
T0009,Spain,72,Female,2022-01-09,4,3292.35,Education,2,Spring,Hostel,3,1,2022,823.09,1097.45,65+
T0010,Italy,63,Female,2022-01-10,20,2783.9750000000004,Business,2,Spring,Airbnb,5,1,2022,139.2,556.8,51-65
T0011,France,40,Male,2022-01-11,21,7753.906249999999,Transit,1,Autumn,Airbnb,5,1,2022,369.23,1550.78,36-50
T0012,UAE,42,Female,2022-01-12,1,3125.07,Transit,5,Summer,Hostel,9,1,2022,3125.07,347.23,36-50
T0013,Thailand,45,Other,2022-01-13,21,4426.73,Business,3,Winter,Airbnb,1,1,2022,210.8,4426.73,36-50
T0014,UAE,51,Other,2022-01-14,1,904.37,Business,5,Summer,Hotel,3,1,2022,904.37,301.46,51-65
T0015,France,46,Female,2022-01-15,28,4358.91,Medical,1,Autumn,Resort,3,1,2022,155.68,1452.97,36-50
T0016,France,39,Other,2022-01-16,9,974.9,Education,4,Summer,Hotel,5,1,2022,108.32,194.98,36-50
T0017,India,50,Other,2022-01-17,6,1512.86,Medical,1,Winter,Hostel,5,1,2022,252.14,302.57,36-50
T0018,Japan,47,Other,2022-01-18,16,4078.32,Transit,2,Winter,Hotel,3,1,2022,254.9,1359.44,36-50
T0019,Italy,22,Other,2022-01-19,22,3157.18,Business,5,Spring,Guesthouse,1,1,2022,143.51,3157.18,18-25
T0020,UAE,55,Male,2022-01-20,19,2788.05,Medical,4,Spring,Hotel,6,1,2022,146.74,464.68,51-65
T0021,USA,58,Female,2022-01-21,27,4055.88,Transit,5,Winter,Airbnb,8,1,2022,150.22,506.98,51-65
T0022,India,47,Male,2022-01-22,3,1509.8,Transit,4,Winter,Resort,8,1,2022,503.27,188.72,36-50
T0023,Brazil,39,Female,2022-01-23,5,4648.3,Business,5,Winter,Resort,4,1,2022,929.66,1162.08,36-50
T0024,Brazil,26,Other,2022-01-24,24,1510.65,Medical,1,Spring,Airbnb,6,1,2022,62.94,251.78,26-35
T0025,Italy,53,Male,2022-01-25,23,1351.02,Business,4,Autumn,Hotel,6,1,2022,58.74,225.17,51-65
T0026,Canada,35,Female,2022-01-26,11,2011.51,Medical,4,Winter,Guesthouse,2,1,2022,182.86,1005.76,26-35
T0027,UAE,41,Other,2022-01-27,3,3775.58,Leisure,4,Winter,Airbnb,4,1,2022,1258.53,943.9,36-50
T0028,Spain,64,Female,2022-01-28,13,2179.37,Leisure,2,Winter,Hostel,8,1,2022,167.64,272.42,51-65
T0029,Italy,51,Other,2022-01-29,16,3728.2,Transit,4,Summer,Hostel,8,1,2022,233.01,466.02,51-65
T0030,Canada,71,Female,2022-01-30,23,4464.74,Medical,5,Autumn,Guesthouse,4,1,2022,194.12,1116.18,65+
T0031,France,49,Female,2022-01-31,26,4972.6,Education,1,Winter,Hotel,1,1,2022,191.25,4972.6,36-50
T0032,Canada,40,Male,2022-02-01,20,4336.61,Transit,1,Winter,Hotel,8,2,2022,216.83,542.08,36-50
T0033,India,70,Female,2022-02-02,16,4296.29,Transit,4,Spring,Guesthouse,8,2,2022,268.52,537.04,65+
T0034,Spain,18,Male,2022-02-03,3,2783.9750000000004,Transit,2,Winter,Guesthouse,1,2,2022,927.99,2783.98,18-25
T0035,Canada,63,Female,2022-02-04,16,1533.83,Transit,5,Autumn,Guesthouse,2,2,2022,95.86,766.92,51-65
T0036,Thailand,31,Other,2022-02-05,13,4373.3,Medical,4,Spring,Hotel,8,2,2022,336.41,546.66,26-35
T0037,Thailand,28,Female,2022-02-06,17,4909.23,Transit,4,Autumn,Hotel,6,2,2022,288.78,818.2,26-35
T0038,Japan,60,Other,2022-02-07,23,2783.9750000000004,Business,5,Spring,Resort,7,2,2022,121.04,397.71,51-65
T0039,USA,47,Female,2022-02-08,15,2783.9750000000004,Education,4,Summer,Airbnb,6,2,2022,185.6,464.0,36-50
T0040,Spain,34,Male,2022-02-09,5,3257.46,Education,1,Winter,Resort,6,2,2022,651.49,542.91,26-35
T0041,India,20,Other,2022-02-10,1,2760.14,Leisure,5,Winter,Resort,7,2,2022,2760.14,394.31,18-25
T0042,Spain,46,Female,2022-02-11,22,2525.63,Transit,4,Summer,Hostel,4,2,2022,114.8,631.41,36-50
T0043,France,23,Male,2022-02-12,27,4942.2,Transit,4,Summer,Hostel,1,2,2022,183.04,4942.2,18-25
T0044,USA,63,Female,2022-02-13,16,1681.48,Medical,1,Winter,Hostel,9,2,2022,105.09,186.83,51-65
T0045,France,74,Other,2022-02-14,12,567.28,Education,3,Winter,Hotel,1,2,2022,47.27,567.28,65+
T0046,Canada,32,Other,2022-02-15,29,3103.11,Education,1,Winter,Hostel,2,2,2022,107.0,1551.56,26-35
T0047,France,61,Female,2022-02-16,21,3308.44,Medical,4,Spring,Guesthouse,4,2,2022,157.54,827.11,51-65
T0048,Thailand,47,Female,2022-02-17,19,2779.9,Transit,1,Spring,Resort,7,2,2022,146.31,397.13,36-50
T0049,Brazil,47,Male,2022-02-18,24,3773.28,Medical,4,Autumn,Resort,5,2,2022,157.22,754.66,36-50
T0050,Brazil,65,Female,2022-02-19,29,419.64,Medical,1,Winter,Guesthouse,6,2,2022,14.47,69.94,51-65
T0051,Canada,60,Female,2022-02-20,25,4681.4,Medical,1,Spring,Resort,8,2,2022,187.26,585.17,51-65
T0052,USA,72,Male,2022-02-21,8,2877.56,Transit,4,Winter,Hotel,5,2,2022,359.7,575.51,65+
T0053,Canada,63,Other,2022-02-22,16,435.58,Transit,2,Spring,Airbnb,5,2,2022,27.22,87.12,51-65
T0054,Brazil,74,Male,2022-02-23,20,4966.04,Business,1,Winter,Hotel,7,2,2022,248.3,709.43,65+
T0055,India,26,Female,2022-02-24,16,354.84,Leisure,5,Autumn,Guesthouse,8,2,2022,22.18,44.36,26-35
T0056,UAE,47,Other,2022-02-25,12,3992.03,Medical,2,Autumn,Airbnb,5,2,2022,332.67,798.41,36-50
T0057,Thailand,51,Female,2022-02-26,15,2382.19,Leisure,1,Summer,Guesthouse,7,2,2022,158.81,340.31,51-65
T0058,USA,47,Other,2022-02-27,4,1784.23,Medical,1,Autumn,Guesthouse,5,2,2022,446.06,356.85,36-50
T0059,India,42,Male,2022-02-28,6,2941.04,Business,4,Autumn,Airbnb,6,2,2022,490.17,490.17,36-50
T0060,Japan,65,Other,2022-03-01,22,2220.11,Medical,2,Summer,Airbnb,1,3,2022,100.91,2220.11,51-65
T0061,India,51,Female,2022-03-02,27,957.28,Medical,4,Spring,Resort,6,3,2022,35.45,159.55,51-65
T0062,USA,26,Female,2022-03-03,11,2233.58,Education,4,Winter,Airbnb,4,3,2022,203.05,558.4,26-35
T0063,Thailand,69,Female,2022-03-04,9,3549.58,Leisure,3,Autumn,Airbnb,8,3,2022,394.4,443.7,65+
T0064,USA,46,Other,2022-03-05,11,4693.14,Business,4,Spring,Resort,9,3,2022,426.65,521.46,36-50
T0065,Brazil,46,Female,2022-03-06,15,3505.15,Transit,1,Winter,Hostel,1,3,2022,233.68,3505.15,36-50
T0066,Thailand,45,Other,2022-03-07,29,4121.88,Education,2,Spring,Hostel,5,3,2022,142.13,824.38,36-50
T0067,Spain,20,Female,2022-03-08,12,3937.16,Business,4,Winter,Resort,6,3,2022,328.1,656.19,18-25
T0068,Spain,26,Female,2022-03-09,14,221.98,Education,2,Summer,Hostel,1,3,2022,15.86,221.98,26-35
T0069,Canada,45,Male,2022-03-10,12,4889.3,Medical,5,Winter,Hotel,6,3,2022,407.44,814.88,36-50
T0070,Italy,49,Male,2022-03-11,28,4126.34,Business,1,Autumn,Airbnb,6,3,2022,147.37,687.72,36-50
T0071,France,38,Male,2022-03-12,16,1744.66,Education,3,Spring,Hotel,5,3,2022,109.04,348.93,36-50
T0072,Italy,36,Male,2022-03-13,9,4048.06,Transit,2,Spring,Airbnb,6,3,2022,449.78,674.68,36-50
T0073,Canada,52,Female,2022-03-14,24,1612.46,Transit,3,Spring,Hotel,7,3,2022,67.19,230.35,51-65
T0074,UAE,67,Other,2022-03-15,6,848.98,Medical,3,Autumn,Hotel,8,3,2022,141.5,106.12,65+
T0075,Japan,38,Male,2022-03-16,27,1243.09,Transit,4,Autumn,Hostel,2,3,2022,46.04,621.54,36-50
T0076,Spain,29,Female,2022-03-17,1,580.85,Education,5,Summer,Resort,1,3,2022,580.85,580.85,26-35
T0077,UAE,19,Female,2022-03-18,18,2438.22,Education,4,Winter,Resort,6,3,2022,135.46,406.37,18-25
T0078,Spain,33,Female,2022-03-19,16,3379.73,Medical,3,Winter,Hostel,5,3,2022,211.23,675.95,26-35
T0079,India,65,Male,2022-03-20,25,2764.44,Medical,3,Summer,Airbnb,5,3,2022,110.58,552.89,51-65
T0080,Thailand,53,Other,2022-03-21,28,2712.71,Transit,5,Spring,Hostel,6,3,2022,96.88,452.12,51-65
T0081,UAE,47,Female,2022-03-22,10,1924.54,Medical,1,Spring,Hostel,6,3,2022,192.45,320.76,36-50
T0082,Canada,21,Other,2022-03-23,5,2783.9750000000004,Education,4,Spring,Airbnb,8,3,2022,556.8,348.0,18-25
T0083,Spain,74,Male,2022-03-24,15,2032.23,Transit,5,Winter,Hostel,1,3,2022,135.48,2032.23,65+
T0084,UAE,49,Male,2022-03-25,8,2379.37,Medical,3,Winter,Hostel,8,3,2022,297.42,297.42,36-50
T0085,UAE,74,Female,2022-03-26,24,1924.23,Transit,3,Spring,Guesthouse,4,3,2022,80.18,481.06,65+
T0086,Brazil,24,Other,2022-03-27,1,4762.22,Transit,5,Autumn,Hostel,4,3,2022,4762.22,1190.56,18-25
T0087,Brazil,44,Other,2022-03-28,28,4228.77,Medical,3,Winter,Guesthouse,3,3,2022,151.03,1409.59,36-50
T0088,India,46,Other,2022-03-29,12,1110.62,Education,4,Spring,Resort,5,3,2022,92.55,222.12,36-50
T0089,USA,61,Other,2022-03-30,11,2783.9750000000004,Transit,2,Summer,Resort,4,3,2022,253.09,695.99,51-65
T0090,Thailand,51,Female,2022-03-31,20,4716.17,Education,2,Winter,Guesthouse,6,3,2022,235.81,786.03,51-65
T0091,Italy,47,Female,2022-04-01,18,2783.9750000000004,Leisure,5,Summer,Resort,6,4,2022,154.67,464.0,36-50
T0092,India,28,Female,2022-04-02,16,1458.57,Business,2,Summer,Resort,8,4,2022,91.16,182.32,26-35
T0093,Brazil,38,Female,2022-04-03,9,3280.56,Transit,3,Summer,Guesthouse,3,4,2022,364.51,1093.52,36-50
T0094,India,23,Male,2022-04-04,24,2783.9750000000004,Transit,4,Winter,Resort,9,4,2022,116.0,309.33,18-25
T0095,Canada,57,Other,2022-04-05,13,4190.06,Education,3,Winter,Hostel,5,4,2022,322.31,838.01,51-65
T0096,India,69,Male,2022-04-06,21,4084.69,Leisure,1,Winter,Hostel,3,4,2022,194.51,1361.56,65+
T0097,Brazil,48,Male,2022-04-07,27,3312.16,Medical,2,Autumn,Hostel,3,4,2022,122.67,1104.05,36-50
T0098,Italy,63,Female,2022-04-08,7,3955.1,Medical,4,Spring,Resort,8,4,2022,565.01,494.39,51-65
T0099,France,29,Male,2022-04-09,12,978.32,Business,3,Spring,Hotel,7,4,2022,81.53,139.76,26-35
T0100,India,44,Female,2022-04-10,28,2783.9750000000004,Medical,2,Summer,Resort,4,4,2022,99.43,695.99,36-50
T0101,UAE,47,Female,2022-04-11,25,1778.79,Business,2,Spring,Airbnb,5,4,2022,71.15,355.76,36-50
T0102,Canada,52,Other,2022-04-12,16,659.24,Business,4,Autumn,Hostel,6,4,2022,41.2,109.87,51-65
T0103,USA,62,Female,2022-04-13,26,4128.34,Education,3,Summer,Resort,4,4,2022,158.78,1032.08,51-65
T0104,UAE,47,Male,2022-04-14,12,3183.42,Leisure,2,Spring,Airbnb,8,4,2022,265.29,397.93,36-50
T0105,Japan,47,Female,2022-04-15,16,206.39,Medical,5,Autumn,Hotel,8,4,2022,12.9,25.8,36-50
T0106,France,41,Male,2022-04-16,22,1791.81,Leisure,4,Autumn,Hostel,1,4,2022,81.45,1791.81,36-50
T0107,Italy,27,Male,2022-04-17,23,3278.97,Transit,5,Spring,Hostel,3,4,2022,142.56,1092.99,26-35
T0108,USA,66,Female,2022-04-18,24,3466.96,Medical,3,Summer,Hotel,9,4,2022,144.46,385.22,65+
T0109,Japan,62,Male,2022-04-19,9,3606.4,Business,5,Spring,Guesthouse,6,4,2022,400.71,601.07,51-65
T0110,Brazil,23,Other,2022-04-20,9,4609.65,Medical,2,Autumn,Resort,2,4,2022,512.18,2304.82,18-25
T0111,USA,47,Other,2022-04-21,28,775.84,Transit,4,Winter,Resort,3,4,2022,27.71,258.61,36-50
T0112,USA,38,Other,2022-04-22,14,2038.76,Business,4,Autumn,Resort,7,4,2022,145.63,291.25,36-50
T0113,UAE,61,Male,2022-04-23,24,1181.53,Medical,2,Autumn,Resort,1,4,2022,49.23,1181.53,51-65
T0114,USA,54,Other,2022-04-24,25,4170.65,Business,4,Summer,Resort,2,4,2022,166.83,2085.32,51-65
T0115,Thailand,37,Other,2022-04-25,15,381.26,Medical,3,Spring,Resort,3,4,2022,25.42,127.09,36-50
T0116,USA,63,Female,2022-04-26,13,1019.14,Business,4,Summer,Hotel,3,4,2022,78.4,339.71,51-65
T0117,Japan,47,Female,2022-04-27,14,2533.74,Medical,2,Winter,Airbnb,8,4,2022,180.98,316.72,36-50
T0118,France,23,Female,2022-04-28,16,391.62,Medical,4,Winter,Hotel,9,4,2022,24.48,43.51,18-25
T0119,Japan,61,Female,2022-04-29,8,2612.95,Medical,1,Summer,Guesthouse,2,4,2022,326.62,1306.47,51-65
T0120,Thailand,49,Other,2022-04-30,16,4932.2,Transit,4,Summer,Resort,7,4,2022,308.26,704.6,36-50
T0121,Japan,50,Other,2022-05-01,16,4650.68,Leisure,1,Autumn,Hotel,4,5,2022,290.67,1162.67,36-50
T0122,UAE,31,Other,2022-05-02,25,1115.33,Transit,4,Winter,Hotel,8,5,2022,44.61,139.42,26-35
T0123,Italy,53,Other,2022-05-03,29,2279.78,Business,5,Winter,Hotel,3,5,2022,78.61,759.93,51-65
T0124,Italy,60,Male,2022-05-04,15,2213.36,Medical,1,Winter,Guesthouse,5,5,2022,147.56,442.67,51-65
T0125,Canada,47,Female,2022-05-05,26,896.63,Transit,4,Spring,Hostel,8,5,2022,34.49,112.08,36-50
T0126,Canada,41,Male,2022-05-06,23,4348.19,Education,3,Summer,Hostel,7,5,2022,189.05,621.17,36-50
T0127,USA,42,Male,2022-05-07,29,3497.1,Education,2,Spring,Airbnb,5,5,2022,120.59,699.42,36-50
T0128,UAE,73,Female,2022-05-08,7,4721.69,Medical,1,Autumn,Resort,3,5,2022,674.53,1573.9,65+
T0129,Canada,44,Female,2022-05-09,24,4113.7,Leisure,4,Spring,Hostel,9,5,2022,171.4,457.08,36-50
T0130,Spain,38,Female,2022-05-10,12,2433.72,Education,2,Winter,Hotel,7,5,2022,202.81,347.67,36-50
T0131,Spain,27,Female,2022-05-11,24,1701.34,Leisure,2,Spring,Guesthouse,6,5,2022,70.89,283.56,26-35
T0132,France,58,Female,2022-05-12,10,2702.38,Leisure,2,Winter,Airbnb,9,5,2022,270.24,300.26,51-65
T0133,Spain,58,Female,2022-05-13,20,3408.67,Leisure,3,Winter,Resort,1,5,2022,170.43,3408.67,51-65
T0134,India,61,Male,2022-05-14,5,2050.27,Medical,4,Winter,Guesthouse,3,5,2022,410.05,683.42,51-65
T0135,USA,25,Other,2022-05-15,13,1485.53,Medical,3,Autumn,Hotel,4,5,2022,114.27,371.38,18-25
T0136,UAE,41,Male,2022-05-16,25,4444.78,Medical,5,Spring,Hotel,8,5,2022,177.79,555.6,36-50
T0137,India,73,Female,2022-05-17,29,3171.11,Education,3,Summer,Resort,9,5,2022,109.35,352.35,65+
T0138,Japan,57,Male,2022-05-18,18,3205.69,Business,5,Spring,Hostel,1,5,2022,178.09,3205.69,51-65
T0139,UAE,26,Female,2022-05-19,16,2985.8,Business,1,Summer,Resort,5,5,2022,186.61,597.16,26-35
T0140,USA,46,Other,2022-05-20,11,4323.08,Medical,2,Autumn,Hostel,2,5,2022,393.01,2161.54,36-50
T0141,Brazil,47,Female,2022-05-21,3,3566.44,Medical,5,Autumn,Guesthouse,9,5,2022,1188.81,396.27,36-50
T0142,Japan,18,Other,2022-05-22,24,2897.04,Medical,5,Spring,Resort,7,5,2022,120.71,413.86,18-25
T0143,Italy,38,Female,2022-05-23,16,2848.91,Business,3,Summer,Airbnb,6,5,2022,178.06,474.82,36-50
T0144,USA,68,Female,2022-05-24,19,4957.7,Transit,4,Spring,Airbnb,9,5,2022,260.93,550.86,65+
T0145,Spain,66,Female,2022-05-25,20,2459.38,Business,4,Spring,Airbnb,2,5,2022,122.97,1229.69,65+
T0146,India,31,Other,2022-05-26,7,2783.9750000000004,Leisure,5,Autumn,Airbnb,6,5,2022,397.71,464.0,26-35
T0147,France,31,Male,2022-05-27,4,2783.9750000000004,Medical,2,Autumn,Guesthouse,1,5,2022,695.99,2783.98,26-35
T0148,UAE,40,Female,2022-05-28,12,4992.13,Business,2,Autumn,Guesthouse,2,5,2022,416.01,2496.06,36-50
T0149,India,43,Male,2022-05-29,27,2783.9750000000004,Education,5,Autumn,Airbnb,4,5,2022,103.11,695.99,36-50
T0150,Spain,41,Female,2022-05-30,25,3787.33,Transit,5,Autumn,Resort,4,5,2022,151.49,946.83,36-50
T0151,Thailand,51,Male,2022-05-31,27,1042.49,Education,1,Spring,Guesthouse,2,5,2022,38.61,521.24,51-65
T0152,Spain,61,Male,2022-06-01,9,4285.87,Business,3,Winter,Guesthouse,8,6,2022,476.21,535.73,51-65
T0153,Canada,52,Other,2022-06-02,23,1971.47,Medical,4,Winter,Hostel,3,6,2022,85.72,657.16,51-65
T0154,Brazil,30,Other,2022-06-03,28,3364.77,Transit,2,Winter,Guesthouse,3,6,2022,120.17,1121.59,26-35
T0155,Thailand,58,Male,2022-06-04,6,2425.98,Transit,3,Autumn,Hostel,1,6,2022,404.33,2425.98,51-65
T0156,France,35,Female,2022-06-05,29,3773.26,Medical,4,Winter,Hostel,9,6,2022,130.11,419.25,26-35
T0157,Spain,52,Other,2022-06-06,21,507.9,Medical,4,Spring,Hostel,6,6,2022,24.19,84.65,51-65
T0158,India,65,Male,2022-06-07,16,1218.95,Medical,3,Spring,Hotel,4,6,2022,76.18,304.74,51-65
T0159,India,56,Other,2022-06-08,6,2899.37,Leisure,1,Winter,Airbnb,2,6,2022,483.23,1449.68,51-65
T0160,UAE,19,Male,2022-06-09,17,3969.26,Transit,4,Autumn,Hostel,6,6,2022,233.49,661.54,18-25
T0161,UAE,20,Female,2022-06-10,29,3401.7,Education,5,Summer,Hotel,6,6,2022,117.3,566.95,18-25
T0162,India,74,Male,2022-06-11,24,2783.9750000000004,Medical,4,Spring,Hotel,4,6,2022,116.0,695.99,65+
T0163,UAE,22,Female,2022-06-12,7,2181.94,Leisure,4,Summer,Resort,6,6,2022,311.71,363.66,18-25
T0164,UAE,35,Female,2022-06-13,5,906.65,Education,2,Summer,Hostel,2,6,2022,181.33,453.32,26-35
T0165,Italy,61,Male,2022-06-14,5,4249.36,Education,4,Winter,Hostel,8,6,2022,849.87,531.17,51-65
T0166,India,29,Female,2022-06-15,28,781.15,Medical,5,Summer,Hotel,9,6,2022,27.9,86.79,26-35
T0167,Canada,63,Male,2022-06-16,17,4732.06,Medical,3,Autumn,Airbnb,5,6,2022,278.36,946.41,51-65
T0168,Canada,57,Female,2022-06-17,20,1696.45,Education,4,Autumn,Resort,8,6,2022,84.82,212.06,51-65
T0169,Brazil,41,Male,2022-06-18,4,4421.79,Education,2,Winter,Hostel,5,6,2022,1105.45,884.36,36-50
T0170,USA,69,Other,2022-06-19,4,2664.33,Leisure,5,Winter,Guesthouse,2,6,2022,666.08,1332.16,65+
T0171,India,47,Other,2022-06-20,25,214.71,Medical,4,Spring,Guesthouse,9,6,2022,8.59,23.86,36-50
T0172,Canada,69,Other,2022-06-21,19,3196.99,Leisure,3,Autumn,Airbnb,5,6,2022,168.26,639.4,65+
T0173,France,69,Male,2022-06-22,26,220.92,Education,1,Autumn,Hostel,7,6,2022,8.5,31.56,65+
T0174,Brazil,56,Female,2022-06-23,16,1166.47,Leisure,4,Spring,Hostel,8,6,2022,72.9,145.81,51-65
T0175,Brazil,63,Other,2022-06-24,12,3569.33,Medical,4,Summer,Hostel,3,6,2022,297.44,1189.78,51-65
T0176,UAE,49,Other,2022-06-25,12,200.08,Education,4,Winter,Guesthouse,5,6,2022,16.67,40.02,36-50
T0177,UAE,47,Female,2022-06-26,15,4381.93,Medical,1,Autumn,Guesthouse,4,6,2022,292.13,1095.48,36-50
T0178,Spain,28,Male,2022-06-27,16,1239.16,Education,1,Spring,Hotel,6,6,2022,77.45,206.53,26-35
T0179,USA,43,Other,2022-06-28,7,3699.49,Leisure,4,Winter,Airbnb,3,6,2022,528.5,1233.16,36-50
T0180,USA,50,Female,2022-06-29,16,1932.26,Leisure,3,Winter,Resort,4,6,2022,120.77,483.06,36-50
T0181,Thailand,62,Other,2022-06-30,11,4447.97,Education,1,Spring,Airbnb,7,6,2022,404.36,635.42,51-65
T0182,India,22,Female,2022-07-01,17,2788.14,Medical,3,Summer,Hostel,7,7,2022,164.01,398.31,18-25
T0183,Japan,60,Other,2022-07-02,6,1595.83,Leisure,5,Spring,Guesthouse,2,7,2022,265.97,797.92,51-65
T0184,USA,20,Other,2022-07-03,28,4377.05,Medical,1,Winter,Hostel,6,7,2022,156.32,729.51,18-25
T0185,USA,32,Male,2022-07-04,2,1724.5,Business,2,Autumn,Hostel,3,7,2022,862.25,574.83,26-35
T0186,Spain,73,Male,2022-07-05,1,836.35,Medical,2,Spring,Resort,5,7,2022,836.35,167.27,65+
T0187,France,36,Other,2022-07-06,14,4332.39,Business,4,Summer,Resort,1,7,2022,309.46,4332.39,36-50
T0188,Spain,49,Female,2022-07-07,20,4014.12,Medical,2,Winter,Resort,6,7,2022,200.71,669.02,36-50
T0189,Japan,44,Female,2022-07-08,7,3420.22,Medical,5,Summer,Hotel,2,7,2022,488.6,1710.11,36-50
T0190,Spain,47,Female,2022-07-09,17,4098.92,Transit,2,Winter,Guesthouse,6,7,2022,241.11,683.15,36-50
T0191,Italy,25,Female,2022-07-10,6,3460.06,Medical,5,Spring,Hostel,7,7,2022,576.68,494.29,18-25
T0192,Thailand,22,Female,2022-07-11,4,4516.73,Leisure,4,Autumn,Guesthouse,6,7,2022,1129.18,752.79,18-25
T0193,France,42,Female,2022-07-12,18,850.21,Leisure,4,Summer,Resort,9,7,2022,47.23,94.47,36-50
T0194,Canada,31,Other,2022-07-13,16,3578.74,Business,4,Spring,Airbnb,5,7,2022,223.67,715.75,26-35
T0195,Italy,47,Female,2022-07-14,16,3517.33,Business,4,Winter,Hostel,9,7,2022,219.83,390.81,36-50
T0196,Brazil,47,Female,2022-07-15,1,3469.19,Medical,3,Winter,Resort,1,7,2022,3469.19,3469.19,36-50
T0197,Brazil,55,Female,2022-07-16,20,1336.21,Leisure,1,Winter,Guesthouse,3,7,2022,66.81,445.4,51-65
T0198,Thailand,72,Male,2022-07-17,4,2783.9750000000004,Leisure,5,Spring,Hostel,9,7,2022,695.99,309.33,65+
T0199,Spain,53,Female,2022-07-18,5,3498.96,Education,2,Winter,Airbnb,1,7,2022,699.79,3498.96,51-65
T0200,Spain,70,Other,2022-07-19,6,3663.27,Medical,2,Spring,Guesthouse,1,7,2022,610.54,3663.27,65+
T0201,Japan,43,Male,2022-07-20,6,2783.9750000000004,Leisure,4,Winter,Resort,6,7,2022,464.0,464.0,36-50
T0202,UAE,47,Female,2022-07-21,28,2783.9750000000004,Business,5,Summer,Airbnb,1,7,2022,99.43,2783.98,36-50
T0203,Canada,20,Female,2022-07-22,24,2783.9750000000004,Leisure,2,Winter,Resort,7,7,2022,116.0,397.71,18-25
T0204,Japan,71,Other,2022-07-23,18,1410.96,Education,2,Winter,Resort,9,7,2022,78.39,156.77,65+
T0205,France,44,Female,2022-07-24,4,3994.17,Business,3,Autumn,Resort,5,7,2022,998.54,798.83,36-50
T0206,Brazil,57,Female,2022-07-25,29,4039.71,Transit,3,Winter,Guesthouse,7,7,2022,139.3,577.1,51-65
T0207,Brazil,32,Other,2022-07-26,6,2419.17,Medical,5,Autumn,Hostel,9,7,2022,403.2,268.8,26-35
T0208,Italy,37,Male,2022-07-27,15,3780.17,Transit,3,Autumn,Guesthouse,5,7,2022,252.01,756.03,36-50
T0209,USA,39,Other,2022-07-28,4,1497.27,Transit,4,Spring,Hostel,8,7,2022,374.32,187.16,36-50
T0210,USA,30,Female,2022-07-29,7,3408.42,Medical,3,Winter,Hostel,1,7,2022,486.92,3408.42,26-35
T0211,Japan,26,Other,2022-07-30,16,4054.67,Business,4,Winter,Hotel,1,7,2022,253.42,4054.67,26-35
T0212,France,55,Female,2022-07-31,5,3337.13,Leisure,3,Spring,Resort,1,7,2022,667.43,3337.13,51-65
T0213,India,74,Other,2022-08-01,19,4535.4,Business,5,Summer,Resort,9,8,2022,238.71,503.93,65+
T0214,Japan,55,Female,2022-08-02,12,1151.07,Business,4,Summer,Guesthouse,1,8,2022,95.92,1151.07,51-65
T0215,India,43,Male,2022-08-03,3,4749.96,Transit,3,Winter,Guesthouse,2,8,2022,1583.32,2374.98,36-50
T0216,Spain,70,Male,2022-08-04,18,3577.91,Medical,4,Summer,Hostel,2,8,2022,198.77,1788.96,65+
T0217,France,47,Female,2022-08-05,6,2783.9750000000004,Business,4,Summer,Airbnb,3,8,2022,464.0,927.99,36-50
T0218,Thailand,27,Male,2022-08-06,8,1197.21,Transit,4,Summer,Hostel,1,8,2022,149.65,1197.21,26-35
T0219,Spain,31,Female,2022-08-07,16,2761.7,Business,3,Autumn,Resort,9,8,2022,172.61,306.86,26-35
T0220,Canada,47,Female,2022-08-08,25,489.84,Leisure,5,Summer,Hostel,5,8,2022,19.59,97.97,36-50
T0221,Italy,34,Other,2022-08-09,18,1271.04,Business,1,Autumn,Hostel,3,8,2022,70.61,423.68,26-35
T0222,France,47,Female,2022-08-10,3,4567.35,Business,2,Winter,Resort,9,8,2022,1522.45,507.48,36-50
T0223,UAE,27,Female,2022-08-11,5,2950.76,Education,1,Summer,Resort,8,8,2022,590.15,368.84,26-35
T0224,UAE,71,Other,2022-08-12,24,312.94,Education,4,Spring,Resort,4,8,2022,13.04,78.24,65+
T0225,France,47,Male,2022-08-13,29,2451.7,Transit,4,Summer,Resort,9,8,2022,84.54,272.41,36-50
T0226,Italy,46,Female,2022-08-14,18,1295.23,Business,2,Summer,Resort,4,8,2022,71.96,323.81,36-50
T0227,Brazil,42,Female,2022-08-15,7,3234.5,Transit,4,Autumn,Guesthouse,5,8,2022,462.07,646.9,36-50
T0228,Brazil,63,Male,2022-08-16,2,2663.9,Medical,5,Autumn,Hotel,5,8,2022,1331.95,532.78,51-65
T0229,Japan,34,Other,2022-08-17,29,1882.64,Medical,4,Spring,Guesthouse,5,8,2022,64.92,376.53,26-35
T0230,Canada,21,Male,2022-08-18,13,1466.1,Education,5,Winter,Airbnb,5,8,2022,112.78,293.22,18-25
T0231,India,38,Female,2022-08-19,24,2783.9750000000004,Education,1,Summer,Hostel,4,8,2022,116.0,695.99,36-50
T0232,France,47,Other,2022-08-20,26,1118.78,Medical,1,Autumn,Airbnb,3,8,2022,43.03,372.93,36-50
T0233,Japan,33,Male,2022-08-21,11,839.09,Education,4,Summer,Hotel,1,8,2022,76.28,839.09,26-35
T0234,India,68,Female,2022-08-22,17,2819.32,Education,4,Spring,Hostel,5,8,2022,165.84,563.86,65+
T0235,Thailand,27,Male,2022-08-23,2,4277.05,Medical,3,Spring,Hotel,7,8,2022,2138.52,611.01,26-35
T0236,Japan,66,Other,2022-08-24,18,839.36,Medical,3,Summer,Resort,6,8,2022,46.63,139.89,65+
T0237,Brazil,52,Male,2022-08-25,25,331.29,Education,5,Spring,Guesthouse,1,8,2022,13.25,331.29,51-65
T0238,Italy,22,Female,2022-08-26,20,3820.92,Leisure,2,Winter,Resort,2,8,2022,191.05,1910.46,18-25
T0239,Spain,35,Other,2022-08-27,1,3783.82,Business,3,Winter,Hotel,8,8,2022,3783.82,472.98,26-35
T0240,Canada,37,Male,2022-08-28,29,4358.52,Transit,4,Spring,Resort,1,8,2022,150.29,4358.52,36-50
T0241,Spain,65,Other,2022-08-29,16,3921.15,Leisure,5,Spring,Airbnb,5,8,2022,245.07,784.23,51-65
T0242,Japan,32,Female,2022-08-30,10,322.68,Education,4,Summer,Guesthouse,2,8,2022,32.27,161.34,26-35
T0243,USA,70,Other,2022-08-31,27,1353.96,Medical,3,Summer,Hotel,8,8,2022,50.15,169.24,65+
T0244,UAE,37,Male,2022-09-01,22,1422.16,Medical,4,Summer,Resort,1,9,2022,64.64,1422.16,36-50
T0245,Spain,26,Other,2022-09-02,16,630.37,Business,4,Autumn,Hostel,2,9,2022,39.4,315.18,26-35
T0246,Japan,58,Female,2022-09-03,12,4053.52,Transit,4,Spring,Airbnb,3,9,2022,337.79,1351.17,51-65
T0247,Spain,35,Male,2022-09-04,23,4377.51,Transit,1,Summer,Hotel,1,9,2022,190.33,4377.51,26-35
T0248,Brazil,27,Female,2022-09-05,14,2783.9750000000004,Education,4,Autumn,Airbnb,5,9,2022,198.86,556.8,26-35
T0249,Thailand,67,Female,2022-09-06,24,2753.99,Business,5,Autumn,Hotel,5,9,2022,114.75,550.8,65+
T0250,USA,54,Female,2022-09-07,2,2783.9750000000004,Business,3,Spring,Airbnb,6,9,2022,1391.99,464.0,51-65
T0251,UAE,47,Other,2022-09-08,6,1787.92,Transit,5,Autumn,Resort,7,9,2022,297.99,255.42,36-50
T0252,France,29,Female,2022-09-09,14,3203.21,Education,1,Winter,Hostel,5,9,2022,228.8,640.64,26-35
T0253,India,74,Female,2022-09-10,15,2002.4,Transit,4,Winter,Airbnb,7,9,2022,133.49,286.06,65+
T0254,Japan,32,Female,2022-09-11,16,3704.5,Medical,1,Summer,Hostel,4,9,2022,231.53,926.12,26-35
T0255,Thailand,19,Female,2022-09-12,9,1404.82,Medical,2,Spring,Hotel,3,9,2022,156.09,468.27,18-25
T0256,Thailand,57,Other,2022-09-13,16,1412.73,Leisure,1,Spring,Resort,5,9,2022,88.3,282.55,51-65
T0257,Japan,71,Other,2022-09-14,16,3826.53,Leisure,4,Winter,Guesthouse,3,9,2022,239.16,1275.51,65+
T0258,France,43,Male,2022-09-15,9,3915.71,Medical,3,Autumn,Guesthouse,7,9,2022,435.08,559.39,36-50
T0259,India,25,Male,2022-09-16,4,352.85,Medical,3,Winter,Hostel,7,9,2022,88.21,50.41,18-25
T0260,Canada,47,Male,2022-09-17,7,4230.06,Education,4,Spring,Airbnb,7,9,2022,604.29,604.29,36-50
T0261,USA,25,Other,2022-09-18,11,3300.05,Transit,1,Spring,Hotel,2,9,2022,300.0,1650.02,18-25
T0262,Italy,64,Other,2022-09-19,24,2919.83,Transit,3,Autumn,Airbnb,1,9,2022,121.66,2919.83,51-65
T0263,Italy,56,Female,2022-09-20,2,2783.9750000000004,Education,4,Autumn,Hostel,9,9,2022,1391.99,309.33,51-65
T0264,Thailand,39,Other,2022-09-21,17,616.11,Education,5,Summer,Airbnb,1,9,2022,36.24,616.11,36-50
T0265,Thailand,47,Male,2022-09-22,16,400.43,Transit,4,Winter,Airbnb,1,9,2022,25.03,400.43,36-50
T0266,UAE,49,Other,2022-09-23,27,2456.77,Medical,3,Spring,Hotel,4,9,2022,90.99,614.19,36-50
T0267,UAE,70,Female,2022-09-24,17,4234.01,Business,4,Summer,Airbnb,8,9,2022,249.06,529.25,65+
T0268,Japan,61,Female,2022-09-25,8,1201.91,Business,1,Summer,Guesthouse,4,9,2022,150.24,300.48,51-65
T0269,France,64,Male,2022-09-26,23,994.89,Education,2,Autumn,Hostel,4,9,2022,43.26,248.72,51-65
T0270,India,57,Male,2022-09-27,7,2472.36,Business,2,Spring,Guesthouse,9,9,2022,353.19,274.71,51-65
T0271,Spain,25,Female,2022-09-28,7,2202.2,Business,4,Autumn,Resort,9,9,2022,314.6,244.69,18-25
T0272,Thailand,53,Male,2022-09-29,20,4356.67,Business,5,Summer,Airbnb,7,9,2022,217.83,622.38,51-65
T0273,Italy,67,Male,2022-09-30,4,548.75,Business,5,Summer,Hostel,3,9,2022,137.19,182.92,65+
T0274,UAE,39,Female,2022-10-01,25,1200.25,Education,3,Summer,Airbnb,1,10,2022,48.01,1200.25,36-50
T0275,Canada,19,Male,2022-10-02,17,3046.77,Education,2,Spring,Hotel,7,10,2022,179.22,435.25,18-25
T0276,Italy,27,Other,2022-10-03,17,1409.09,Education,2,Summer,Resort,2,10,2022,82.89,704.54,26-35
T0277,India,25,Other,2022-10-04,12,4882.4,Business,4,Autumn,Guesthouse,4,10,2022,406.87,1220.6,18-25
T0278,Brazil,56,Female,2022-10-05,1,4533.62,Transit,2,Spring,Hostel,1,10,2022,4533.62,4533.62,51-65
T0279,Italy,59,Male,2022-10-06,16,2470.72,Business,5,Autumn,Resort,6,10,2022,154.42,411.79,51-65
T0280,Japan,48,Male,2022-10-07,19,4509.49,Leisure,3,Summer,Hostel,8,10,2022,237.34,563.69,36-50
T0281,Brazil,53,Male,2022-10-08,13,2230.76,Education,5,Summer,Guesthouse,6,10,2022,171.6,371.79,51-65
T0282,Italy,37,Male,2022-10-09,3,2165.37,Business,4,Autumn,Hotel,7,10,2022,721.79,309.34,36-50
T0283,Thailand,51,Female,2022-10-10,20,1015.57,Transit,3,Summer,Resort,8,10,2022,50.78,126.95,51-65
T0284,Japan,74,Other,2022-10-11,20,1967.09,Medical,1,Autumn,Resort,6,10,2022,98.35,327.85,65+
T0285,USA,49,Female,2022-10-12,5,2783.9750000000004,Education,5,Autumn,Hostel,6,10,2022,556.8,464.0,36-50
T0286,UAE,64,Female,2022-10-13,23,238.23,Leisure,4,Autumn,Guesthouse,4,10,2022,10.36,59.56,51-65
T0287,Brazil,54,Other,2022-10-14,12,4324.22,Medical,4,Spring,Resort,4,10,2022,360.35,1081.06,51-65
T0288,France,29,Male,2022-10-15,10,2668.75,Education,4,Spring,Hostel,7,10,2022,266.88,381.25,26-35
T0289,Canada,33,Other,2022-10-16,21,2597.77,Medical,1,Autumn,Guesthouse,8,10,2022,123.7,324.72,26-35
T0290,Brazil,27,Other,2022-10-17,19,3058.89,Medical,4,Autumn,Hostel,3,10,2022,160.99,1019.63,26-35
T0291,Italy,55,Male,2022-10-18,11,4692.73,Business,2,Spring,Guesthouse,4,10,2022,426.61,1173.18,51-65
T0292,UAE,67,Other,2022-10-19,24,2196.11,Medical,1,Spring,Hostel,6,10,2022,91.5,366.02,65+
T0293,Italy,63,Male,2022-10-20,13,1372.81,Transit,4,Winter,Resort,6,10,2022,105.6,228.8,51-65
T0294,Spain,47,Male,2022-10-21,18,1069.7,Medical,4,Winter,Resort,7,10,2022,59.43,152.81,36-50
T0295,Italy,43,Other,2022-10-22,16,2076.25,Medical,4,Winter,Airbnb,8,10,2022,129.77,259.53,36-50
T0296,Canada,68,Female,2022-10-23,25,3531.5,Transit,1,Summer,Guesthouse,8,10,2022,141.26,441.44,65+
T0297,Thailand,40,Male,2022-10-24,23,919.02,Leisure,3,Winter,Guesthouse,4,10,2022,39.96,229.76,36-50
T0298,Japan,56,Other,2022-10-25,29,3211.82,Transit,4,Autumn,Guesthouse,6,10,2022,110.75,535.3,51-65
T0299,Brazil,43,Female,2022-10-26,21,724.64,Medical,4,Autumn,Hostel,2,10,2022,34.51,362.32,36-50
T0300,Canada,65,Other,2022-10-27,14,2111.98,Business,4,Winter,Hostel,8,10,2022,150.86,264.0,51-65
T0124,Italy,60,Female,2022-05-04,15,2213.36,Medical,1,Winter,Guesthouse,5,5,2022,147.56,442.67,51-65
T0214,Japan,55,Female,2022-08-02,12,1151.07,Business,4,Summer,Guesthouse,1,8,2022,95.92,1151.07,51-65
T0107,Italy,27,Male,2022-04-17,23,3278.97,Transit,5,Spring,Hostel,3,4,2022,142.56,1092.99,26-35
T0276,Italy,27,Other,2022-10-03,17,1409.09,Education,2,Summer,Resort,2,10,2022,82.89,704.54,26-35
T0243,USA,70,Other,2022-08-31,27,1353.96,Medical,3,Summer,Hotel,8,8,2022,50.15,169.24,65+
T0267,UAE,70,Female,2022-09-24,17,4234.01,Business,4,Summer,Airbnb,8,9,2022,249.06,529.25,65+
