Date,Country_of_Origin,Visitors,Avg_Spend_USD,Total_Revenue
2018-01-31,USA,6414.0,147.23,944333.22
2018-01-31,UK,6641.0,160.46,1065614.86
2018-01-31,Japan,5318.0,195.32,1038711.76
2018-01-31,Australia,8038.0,195.35,1570223.3
2018-01-31,Germany,4965.0,150.85,748970.25
2018-02-28,USA,6804.0,140.69,957254.76
2018-02-28,UK,7862.0,91.73,721181.26
2018-02-28,Japan,4912.0,188.75,927140.0
2018-02-28,Australia,5980.0,186.28,1113954.4
2018-02-28,Germany,6137.0,111.75,685809.75
2018-03-31,USA,12198.0,145.48,1774565.0399999998
2018-03-31,UK,10101.0,101.51,1025352.51
2018-03-31,Japan,9099.0,202.22,1839999.78
2018-03-31,Australia,8273.0,187.51,1551270.23
2018-03-31,Germany,9099.0,134.17,1220812.8299999998
2018-04-30,USA,11597.0,187.05,2169218.85
2018-04-30,UK,12479.0,108.85,1358339.15
2018-04-30,Japan,13733.0,175.58,2411240.14
2018-04-30,Australia,12813.0,140.81,1804198.53
2018-04-30,Germany,10507.0,143.94,1512377.58
2018-05-31,USA,15437.0,153.43,2368498.91
2018-05-31,UK,14156.0,123.98,1755060.8800000001
2018-05-31,Japan,12112.0,185.6,2247987.1999999997
2018-05-31,Australia,13639.0,201.14,2743348.46
2018-05-31,Germany,14845.0,104.74,1554865.2999999998
2018-06-30,USA,15486.0,142.3,2203657.8000000003
2018-06-30,UK,13984.0,142.23,1988944.3199999998
2018-06-30,Japan,16546.0,218.63,3617451.98
2018-06-30,Australia,13741.0,173.82,2388460.62
2018-06-30,Germany,15496.0,159.51,2471766.96
2018-07-31,USA,13611.0,146.29,1991153.19
2018-07-31,UK,12670.0,106.08,1344033.6
2018-07-31,Japan,15548.0,227.12,3531261.7600000002
2018-07-31,Australia,14222.0,200.07,2845395.54
2018-07-31,Germany,14872.0,127.1,1890231.2
2018-08-31,USA,13042.0,180.76,2357471.92
2018-08-31,UK,12446.0,161.29,2007415.3399999999
2018-08-31,Japan,8570.0,216.44,1854890.8
2018-08-31,Australia,12630.0,174.02,2197872.6
2018-08-31,Germany,12637.0,100.25,1266859.25
2018-09-30,USA,9670.0,157.14,1519543.7999999998
2018-09-30,UK,12216.0,119.63,1461400.0799999998
2018-09-30,Japan,8787.0,189.96,1669178.52
2018-09-30,Australia,11373.0,186.58,2121974.3400000003
2018-09-30,Germany,9205.0,150.27,1383235.35
2018-10-31,USA,7645.0,160.2699721448468,1225263.9370473537
2018-10-31,UK,6446.0,123.45,795758.7000000001
2018-10-31,Japan,6911.0,170.73,1179915.03
2018-10-31,Australia,7944.0,185.22,1471387.68
2018-10-31,Germany,7507.0,135.31,1015772.17
2018-11-30,USA,3546.0,141.59,502078.14
2018-11-30,UK,5155.0,113.95,587412.25
2018-11-30,Japan,5427.0,208.08,1129250.1600000001
2018-11-30,Australia,8499.0,183.49,1559481.51
2018-11-30,Germany,6056.0,138.51,838816.5599999999
2018-12-31,USA,2121.0,149.47,317025.87
2018-12-31,UK,5090.0,179.26,912433.3999999999
2018-12-31,Japan,4711.0,206.03,970607.33
2018-12-31,Australia,4947.0,156.63,774848.61
2018-12-31,Germany,6714.0,155.04,1040938.5599999999
2019-01-31,USA,7856.0,131.81,1035499.36
2019-01-31,UK,8774.0,101.96,894597.0399999999
2019-01-31,Japan,7550.0,243.81,1840765.5
2019-01-31,Australia,5184.0,168.67,874385.2799999999
2019-01-31,Germany,6819.0,129.93,885992.67
2019-02-28,USA,6174.0,151.37,934558.38
2019-02-28,UK,6906.0,139.47,963179.82
2019-02-28,Japan,7120.0,231.0,1644720.0
2019-02-28,Australia,7325.0,173.56,1271327.0
2019-02-28,Germany,9720.0,115.38,1121493.5999999999
2019-03-31,USA,11341.0,176.14,1997603.7399999998
2019-03-31,UK,8588.0,133.69,1148129.72
2019-03-31,Japan,11389.0,215.64,2455923.96
2019-03-31,Australia,9144.0,153.59,1404426.96
2019-03-31,Germany,11782.0,145.94,1719465.08
2019-04-30,USA,13875.0,156.93,2177403.75
2019-04-30,UK,12479.0,134.65,1680297.35
2019-04-30,Japan,13939.0,185.71,2588611.69
2019-04-30,Australia,16298.0,189.48,3088145.04
2019-04-30,Germany,11713.0,153.13,1793611.69
2019-05-31,USA,13868.0,165.74,2298482.3200000003
2019-05-31,UK,17068.0,113.59,1938754.12
2019-05-31,Japan,16775.0,208.26,3493561.5
2019-05-31,Australia,16563.0,217.94,3609740.2199999997
2019-05-31,Germany,14962.0,124.93,1869202.6600000001
2019-06-30,USA,14665.0,133.68,1960417.2000000002
2019-06-30,UK,15884.0,136.82,2173248.88
2019-06-30,Japan,16415.0,216.54,3554504.1
2019-06-30,Australia,16019.0,209.07,3349092.33
2019-06-30,Germany,15603.0,194.4,3033223.2
2019-07-31,USA,16268.0,132.86,2161366.4800000004
2019-07-31,UK,13723.0,139.65,1916416.9500000002
2019-07-31,Japan,14994.0,214.28,3212914.32
2019-07-31,Australia,16039.0,178.54,2863603.06
2019-07-31,Germany,14059.0,109.7,1542272.3
2019-08-31,USA,12830.0,167.13,2144277.9
2019-08-31,UK,13821.0,105.09,1452448.8900000001
2019-08-31,Japan,13759.0,207.71,2857881.89
2019-08-31,Australia,12174.0,183.07,2228694.1799999997
2019-08-31,Germany,13587.0,117.14,1591581.18
2019-09-30,USA,11536.0,161.22,1859833.92
2019-09-30,UK,12624.0,151.08,1907233.9200000002
2019-09-30,Japan,8933.0,181.24,1619016.9200000002
2019-09-30,Australia,11772.0,190.28,2239976.16
2019-09-30,Germany,11772.0,217.05,2555112.6
2019-10-31,USA,9356.0,172.71,1615874.76
2019-10-31,UK,9931.0,143.03,1420430.93
2019-10-31,Japan,8027.0,215.18,1727249.86
2019-10-31,Australia,7340.0,175.26,1286408.4
2019-10-31,Germany,7771.0,141.64,1100684.44
2019-11-30,USA,10141.0,112.65,1142383.6500000001
2019-11-30,UK,7699.0,97.75,752577.25
2019-11-30,Japan,5961.0,221.78,1322030.58
2019-11-30,Australia,6766.0,158.45,1072072.7
2019-11-30,Germany,5596.0,153.59,859489.64
2019-12-31,USA,4904.0,154.33,756834.3200000001
2019-12-31,UK,6068.0,116.97,709773.96
2019-12-31,Japan,9215.0,212.68,1959846.2
2019-12-31,Australia,2962.0,183.73,544208.26
2019-12-31,Germany,5007.0,157.05,786349.3500000001
2020-01-31,USA,972.0,147.71,143574.12
2020-01-31,UK,1264.0,147.32,186212.47999999998
2020-01-31,Japan,880.0,193.31,170112.8
2020-01-31,Australia,1043.0,166.93,174107.99000000002
2020-01-31,Germany,1547.0,148.1,229110.69999999998
2020-02-29,USA,1141.0,168.36,192098.76
2020-02-29,UK,1902.0,150.65,286536.3
2020-02-29,Japan,1083.0,190.32,206116.56
2020-02-29,Australia,1710.0,165.85,283603.5
2020-02-29,Germany,1524.0,155.49,236966.76
2020-03-31,USA,1591.0,148.81,236756.71
2020-03-31,UK,1070.0,109.51,117175.70000000001
2020-03-31,Japan,1743.0,175.04,305094.72
2020-03-31,Australia,2167.0,151.4,328083.8
2020-03-31,Germany,1700.0,142.61,242437.00000000003
2020-04-30,USA,2499.0,121.28,303078.72000000003
2020-04-30,UK,2436.0,130.2,317167.19999999995
2020-04-30,Japan,1954.0,209.24,408854.96
2020-04-30,Australia,2219.0,168.0,372792.0
2020-04-30,Germany,2190.0,132.29,289715.1
2020-05-31,USA,2475.0,163.24,404019.0
2020-05-31,UK,2806.0,105.24,295303.44
2020-05-31,Japan,2929.0,160.96,471451.84
2020-05-31,Australia,2415.0,191.77,463124.55000000005
2020-05-31,Germany,2512.0,127.55,320405.6
2020-06-30,USA,2503.0,140.14,350770.42
2020-06-30,UK,2417.0,146.99,355274.83
2020-06-30,Japan,2630.0,186.14,489548.19999999995
2020-06-30,Australia,2752.0,186.15,512284.8
2020-06-30,Germany,2732.0,152.59,416875.88
2020-07-31,USA,31069.625,138.8,4312463.95
2020-07-31,UK,2617.0,142.21,372163.57
2020-07-31,Japan,2444.0,202.35,494543.39999999997
2020-07-31,Australia,2736.0,168.17,460113.11999999994
2020-07-31,Germany,2572.0,135.96,349689.12
2020-08-31,USA,2125.0,171.98,365457.5
2020-08-31,UK,2360.0,146.27,345197.2
2020-08-31,Japan,2468.0,200.42,494636.56
2020-08-31,Australia,2328.0,173.79,404583.12
2020-08-31,Germany,2247.0,137.4,308737.8
2020-09-30,USA,1821.0,161.9,294819.9
2020-09-30,UK,1615.0,171.85,277537.75
2020-09-30,Japan,1573.0,175.72,276407.56
2020-09-30,Australia,2060.0,195.83,403409.80000000005
2020-09-30,Germany,1940.0,152.57,295985.8
2020-10-31,USA,1422.0,132.05,187775.1
2020-10-31,UK,1441.0,116.46,167818.86
2020-10-31,Japan,1644.0,197.06,323966.64
2020-10-31,Australia,1239.0,173.57,215053.22999999998
2020-10-31,Germany,1517.0,128.73,195283.40999999997
2020-11-30,USA,965.0,154.87,149449.55000000002
2020-11-30,UK,1205.0,119.86,144431.3
2020-11-30,Japan,1044.0,204.64,213644.15999999997
2020-11-30,Australia,824.0,151.85,125124.4
2020-11-30,Germany,988.0,135.73,134101.24
2020-12-31,USA,1119.0,179.51,200871.69
2020-12-31,UK,1242.0,126.8,157485.6
2020-12-31,Japan,1045.0,179.95,188047.75
2020-12-31,Australia,1045.0,174.23,182070.34999999998
2020-12-31,Germany,1122.0,123.46,138522.12
2021-01-31,USA,1417.0,180.65,255981.05000000002
2021-01-31,UK,1275.0,138.03,175988.25
2021-01-31,Japan,1455.0,191.98,279330.89999999997
2021-01-31,Australia,1350.0,180.25,243337.5
2021-01-31,Germany,1322.0,124.54,164641.88
2021-02-28,USA,1580.0,159.96,252736.80000000002
2021-02-28,UK,1901.0,149.19,283610.19
2021-02-28,Japan,2059.0,184.65,380194.35000000003
2021-02-28,Australia,1771.0,183.67,325279.56999999995
2021-02-28,Germany,2067.0,123.83,255956.61
2021-03-31,USA,1761.0,138.01,243035.61
2021-03-31,UK,1472.0,119.48,175874.56
2021-03-31,Japan,1779.0,203.01,361154.79
2021-03-31,Australia,2026.0,217.52,440695.52
2021-03-31,Germany,2163.0,128.46,277858.98000000004
2021-04-30,USA,2122.0,159.84,339180.48
2021-04-30,UK,2027.0,166.63,337759.01
2021-04-30,Japan,2590.0,190.62,493705.8
2021-04-30,Australia,1939.0,207.08,401528.12
2021-04-30,Germany,2299.0,164.76,378783.24
2021-05-31,USA,2240.0,138.01,309142.39999999997
2021-05-31,UK,2600.0,130.94,340444.0
2021-05-31,Japan,2498.0,212.46,530725.0800000001
2021-05-31,Australia,2359.0,177.15,417896.85000000003
2021-05-31,Germany,2626.0,150.29,394661.54
2021-06-30,USA,2860.0,127.51,364678.60000000003
2021-06-30,UK,2354.0,155.55,366164.7
2021-06-30,Japan,2774.0,185.03,513273.22000000003
2021-06-30,Australia,3048.0,182.31,555680.88
2021-06-30,Germany,2965.0,141.35,419102.75
2021-07-31,USA,3063.0,185.11,566991.93
2021-07-31,UK,2543.0,149.43,380000.49
2021-07-31,Japan,2744.0,227.37,623903.28
2021-07-31,Australia,2382.0,193.72,461441.04
2021-07-31,Germany,2837.0,104.83,297402.71
2021-08-31,USA,2058.0,109.22,224774.76
2021-08-31,UK,2264.0,144.35,326808.39999999997
2021-08-31,Japan,2662.0,201.48,536339.76
2021-08-31,Australia,2691.0,152.4,410108.4
2021-08-31,Germany,1941.0,138.89,269585.49
2021-09-30,USA,2036.0,149.35,304076.6
2021-09-30,UK,1484.0,128.22,190278.48
2021-09-30,Japan,1656.0,213.39,353373.83999999997
2021-09-30,Australia,2032.0,161.2,327558.39999999997
2021-09-30,Germany,1834.0,118.82,217915.87999999998
2021-10-31,USA,1560.0,169.1,263796.0
2021-10-31,UK,1353.0,140.08,189528.24000000002
2021-10-31,Japan,1455.0,184.14,267923.69999999995
2021-10-31,Australia,1550.0,159.3,246915.00000000003
2021-10-31,Germany,1450.0,116.04,168258.0
2021-11-30,USA,1742.0,150.71,262536.82
2021-11-30,UK,1143.0,134.28,153482.04
2021-11-30,Japan,1275.0,195.58,249364.50000000003
2021-11-30,Australia,1438.0,195.15,280625.7
2021-11-30,Germany,1181.0,128.48,151734.87999999998
2021-12-31,USA,1138.0,103.96,118306.48
2021-12-31,UK,859.0,157.34,135155.06
2021-12-31,Japan,1570.0,195.02,306181.4
2021-12-31,Australia,1329.0,186.23,247499.66999999998
2021-12-31,Germany,1892.0,162.39,307241.87999999995
2022-01-31,USA,9477.0,130.89,1240444.5299999998
2022-01-31,UK,7260.0,134.07,973348.2
2022-01-31,Japan,8535.0,171.55,1464179.25
2022-01-31,Australia,8700.0,158.37,1377819.0
2022-01-31,Germany,12200.0,157.63,1923086.0
2022-02-28,USA,11488.0,179.6,2063244.8
2022-02-28,UK,11616.0,112.77,1309936.32
2022-02-28,Japan,13784.0,210.78,2905391.52
2022-02-28,Australia,9944.0,176.19,1752033.3599999999
2022-02-28,Germany,10186.0,112.34,1144295.24
2022-03-31,USA,15389.0,188.19,2896055.91
2022-03-31,UK,11902.0,141.26,1681276.5199999998
2022-03-31,Japan,13024.0,190.26,2477946.2399999998
2022-03-31,Australia,13111.0,162.72,2133421.92
2022-03-31,Germany,14072.0,123.38,1736203.3599999999
2022-04-30,USA,16905.0,149.0,2518845.0
2022-04-30,UK,16141.0,111.85,1805370.8499999999
2022-04-30,Japan,15634.0,215.11,3363029.74
2022-04-30,Australia,17251.0,160.45,2767922.9499999997
2022-04-30,Germany,16648.0,155.03,2580939.44
2022-05-31,USA,15826.0,160.87,2545928.62
2022-05-31,UK,17336.0,141.41,2451483.76
2022-05-31,Japan,17185.0,163.9,2816621.5
2022-05-31,Australia,15888.0,180.96,2875092.48
2022-05-31,Germany,18719.0,121.91,2282033.29
2022-06-30,USA,19957.0,116.77,2330378.89
2022-06-30,UK,18900.0,105.78,1999242.0
2022-06-30,Japan,18022.0,200.95,3621520.9
2022-06-30,Australia,17709.0,172.31,3051437.79
2022-06-30,Germany,20509.0,128.46,2634586.14
2022-07-31,USA,19583.0,127.41,2495070.03
2022-07-31,UK,19124.0,158.83,3037464.9200000004
2022-07-31,Japan,14622.0,184.06,2691325.32
2022-07-31,Australia,19195.0,175.94,3377168.3
2022-07-31,Germany,18886.0,127.92,2415897.12
2022-08-31,USA,16629.0,146.89,2442633.8099999996
2022-08-31,UK,18251.0,135.09,2465527.59
2022-08-31,Japan,17006.0,191.76,3261070.56
2022-08-31,Australia,15768.0,171.35,2701846.8
2022-08-31,Germany,17091.0,131.58,2248833.7800000003
2022-09-30,USA,14434.0,191.51,2764255.34
2022-09-30,UK,15306.0,123.48,1889984.8800000001
2022-09-30,Japan,15801.0,191.84,3031263.84
2022-09-30,Australia,10942.0,159.84,1748969.28
2022-09-30,Germany,11193.0,132.97,1488333.21
2022-10-31,USA,11527.0,183.53,2115550.31
2022-10-31,UK,11990.0,125.62,1506183.8
2022-10-31,Japan,12744.0,155.78,1985260.32
2022-10-31,Australia,11853.0,195.42,2316313.26
2022-10-31,Germany,9282.0,162.88,1511852.16
2022-11-30,USA,10177.0,141.69,1441979.13
2022-11-30,UK,10619.0,175.41,1862678.79
2022-11-30,Japan,9942.0,204.96,2037712.32
2022-11-30,Australia,8980.0,163.0,1463740.0
2022-11-30,Germany,10915.0,122.88,1341235.2
2022-12-31,USA,9107.0,140.45,1279078.15
2022-12-31,UK,9718.0,136.67,1328159.0599999998
2022-12-31,Japan,10556.0,189.8,2003528.8
2022-12-31,Australia,8595.0,160.42,1378809.9
2022-12-31,Germany,8333.0,147.55,1229534.1500000001
2023-01-31,USA,11805.0,131.56,1553065.8
2023-01-31,UK,11974.0,157.11,1881235.1400000001
2023-01-31,Japan,11290.0,237.54,2681826.6
2023-01-31,Australia,9509.0,155.11,1474940.9900000002
2023-01-31,Germany,8001.0,169.92,1359529.92
2023-02-28,USA,13481.0,148.89,2007186.0899999999
2023-02-28,UK,12919.0,107.49,1388663.3099999998
2023-02-28,Japan,16168.0,202.58,3275313.4400000004
2023-02-28,Australia,12664.0,194.52,2463401.2800000003
2023-02-28,Germany,13221.0,144.48,1910170.0799999998
2023-03-31,USA,13814.0,159.43,2202366.02
2023-03-31,UK,17823.0,156.91,2796606.93
2023-03-31,Japan,17389.0,189.78,3300084.42
2023-03-31,Australia,13515.0,177.48,2398642.1999999997
2023-03-31,Germany,15083.0,161.88,2441636.04
2023-04-30,USA,14961.0,180.59,2701806.99
2023-04-30,UK,17262.0,121.46,2096642.5199999998
2023-04-30,Japan,15981.0,166.9,2667228.9
2023-04-30,Australia,18734.0,181.47,3399658.98
2023-04-30,Germany,15565.0,114.1,1775966.5
2023-05-31,USA,18826.0,183.38,3452311.88
2023-05-31,UK,18940.0,99.94,1892863.5999999999
2023-05-31,Japan,18961.0,194.55,3688862.5500000003
2023-05-31,Australia,15284.0,178.91,2734460.44
2023-05-31,Germany,18983.0,153.92,2921863.36
2023-06-30,USA,22773.0,172.53,3929025.69
2023-06-30,UK,19596.0,107.87,2113820.52
2023-06-30,Japan,23860.0,201.18,4800154.8
2023-06-30,Australia,20020.0,179.52,3593990.4000000004
2023-06-30,Germany,20297.0,137.11,2782921.6700000004
2023-07-31,USA,18469.0,139.06,2568299.14
2023-07-31,UK,19280.0,119.13,2296826.4
2023-07-31,Japan,18260.0,202.13,3690893.8
2023-07-31,Australia,18947.0,210.08,3980385.7600000002
2023-07-31,Germany,15353.0,161.83,2484575.99
2023-08-31,USA,19369.0,108.53,2102117.57
2023-08-31,UK,16985.0,122.57,2081851.45
2023-08-31,Japan,15388.0,184.44,2838162.7199999997
2023-08-31,Australia,15834.0,215.05,3405101.7
2023-08-31,Germany,18903.0,165.43,3127123.29
2023-09-30,USA,16082.0,127.42,2049168.44
2023-09-30,UK,14213.0,139.79,1986835.2699999998
2023-09-30,Japan,13166.0,214.26,2820947.1599999997
2023-09-30,Australia,14639.0,172.5,2525227.5
2023-09-30,Germany,16066.0,148.89,2392066.7399999998
2023-10-31,USA,11958.0,173.19,2071006.02
2023-10-31,UK,10878.0,142.32,1548156.96
2023-10-31,Japan,13389.0,193.81,2594922.09
2023-10-31,Australia,12989.0,154.98,2013035.22
2023-10-31,Germany,13886.0,136.3,1892661.8
2023-11-30,USA,9885.0,170.98,1690137.2999999998
2023-11-30,UK,9613.0,101.83,978891.79
2023-11-30,Japan,8334.0,212.12,1767808.08
2023-11-30,Australia,8749.0,215.1,1881909.9
2023-11-30,Germany,7546.0,173.93,1312475.78
2023-12-31,USA,10316.0,148.07,1527490.1199999999
2023-12-31,UK,9182.0,137.98,1266932.3599999999
2023-12-31,Japan,9943.0,222.07,2208042.01
2023-12-31,Australia,10171.0,183.01,1861394.71
2023-12-31,Germany,9454.0,138.86,1312782.4400000002
