Date,Country_of_Origin,Visitors,Avg_Spend_USD
2018-01-31,USA,6414.0,147.23
2018-01-31,UK,6641.0,160.46
2018-01-31,Japan,5318.0,195.32
2018-01-31,Australia,8038.0,195.35
2018-01-31,Germany,4965.0,150.85
2018-02-28,USA,6804.0,140.69
2018-02-28,UK,7862.0,91.73
2018-02-28,Japan,4912.0,188.75
2018-02-28,Australia,5980.0,186.28
2018-02-28,Germany,6137.0,111.75
2018-03-31,USA,12198.0,145.48
2018-03-31,UK,10101.0,101.51
2018-03-31,Japan,,202.22
2018-03-31,Australia,8273.0,187.51
2018-03-31,Germany,9099.0,134.17
2018-04-30,USA,11597.0,187.05
2018-04-30,UK,12479.0,108.85
2018-04-30,Japan,13733.0,175.58
2018-04-30,Australia,12813.0,140.81
2018-04-30,Germany,10507.0,143.94
2018-05-31,USA,15437.0,153.43
2018-05-31,UK,14156.0,123.98
2018-05-31,Japan,12112.0,185.6
2018-05-31,Australia,13639.0,201.14
2018-05-31,Germany,14845.0,104.74
2018-06-30,USA,15486.0,142.3
2018-06-30,UK,13984.0,142.23
2018-06-30,Japan,16546.0,218.63
2018-06-30,Australia,13741.0,173.82
2018-06-30,Germany,15496.0,159.51
2018-07-31,USA,13611.0,146.29
2018-07-31,UK,12670.0,106.08
2018-07-31,Japan,15548.0,227.12
2018-07-31,Australia,14222.0,200.07
2018-07-31,Germany,14872.0,127.1
2018-08-31,USA,13042.0,180.76
2018-08-31,UK,12446.0,161.29
2018-08-31,Japan,8570.0,216.44
2018-08-31,Australia,12630.0,174.02
2018-08-31,Germany,12637.0,100.25
2018-09-30,USA,9670.0,157.14
2018-09-30,UK,12216.0,119.63
2018-09-30,Japan,8787.0,189.96
2018-09-30,Australia,11373.0,186.58
2018-09-30,Germany,9205.0,150.27
2018-10-31,USA,7645.0,
2018-10-31,UK,6446.0,123.45
2018-10-31,Japan,6911.0,170.73
2018-10-31,Australia,7944.0,185.22
2018-10-31,Germany,7507.0,135.31
2018-11-30,USA,3546.0,141.59
2018-11-30,UK,5155.0,113.95
2018-11-30,Japan,5427.0,208.08
2018-11-30,Australia,8499.0,183.49
2018-11-30,Germany,6056.0,138.51
2018-12-31,USA,2121.0,149.47
2018-12-31,UK,5090.0,179.26
2018-12-31,Japan,4711.0,206.03
2018-12-31,Australia,4947.0,156.63
2018-12-31,Germany,6714.0,155.04
2019-01-31,USA,7856.0,131.81
2019-01-31,UK,8774.0,101.96
2019-01-31,Japan,7550.0,243.81
2019-01-31,Australia,5184.0,168.67
2019-01-31,Germany,6819.0,129.93
2019-02-28,USA,6174.0,151.37
2019-02-28,UK,6906.0,139.47
2019-02-28,Japan,7120.0,231.0
2019-02-28,Australia,7325.0,173.56
2019-02-28,Germany,9720.0,115.38
2019-03-31,USA,11341.0,176.14
2019-03-31,UK,8588.0,133.69
2019-03-31,Japan,11389.0,215.64
2019-03-31,Australia,9144.0,153.59
2019-03-31,Germany,11782.0,145.94
2019-04-30,USA,13875.0,156.93
2019-04-30,UK,12479.0,134.65
2019-04-30,Japan,13939.0,185.71
2019-04-30,Australia,16298.0,189.48
2019-04-30,Germany,11713.0,153.13
2019-05-31,USA,13868.0,165.74
2019-05-31,UK,17068.0,113.59
2019-05-31,Japan,16775.0,208.26
2019-05-31,Australia,16563.0,217.94
2019-05-31,Germany,14962.0,124.93
2019-06-30,USA,14665.0,133.68
2019-06-30,UK,15884.0,136.82
2019-06-30,Japan,16415.0,216.54
2019-06-30,Australia,16019.0,209.07
2019-06-30,Germany,15603.0,194.4
2019-07-31,USA,16268.0,132.86
2019-07-31,UK,13723.0,139.65
2019-07-31,Japan,14994.0,214.28
2019-07-31,Australia,16039.0,178.54
2019-07-31,Germany,14059.0,109.7
2019-08-31,USA,12830.0,167.13
2019-08-31,UK,13821.0,105.09
2019-08-31,Japan,13759.0,207.71
2019-08-31,Australia,12174.0,183.07
2019-08-31,Germany,13587.0,117.14
2019-09-30,USA,11536.0,161.22
2019-09-30,UK,12624.0,151.08
2019-09-30,Japan,8933.0,181.24
2019-09-30,Australia,11772.0,190.28
2019-09-30,Germany,11772.0,217.05
2019-10-31,USA,9356.0,172.71
2019-10-31,UK,9931.0,143.03
2019-10-31,Japan,8027.0,215.18
2019-10-31,Australia,7340.0,175.26
2019-10-31,Germany,7771.0,141.64
2019-11-30,USA,10141.0,112.65
2019-11-30,UK,7699.0,97.75
2019-11-30,Japan,5961.0,221.78
2019-11-30,Australia,6766.0,158.45
2019-11-30,Germany,5596.0,153.59
2019-12-31,USA,4904.0,154.33
2019-12-31,UK,6068.0,116.97
2019-12-31,Japan,9215.0,212.68
2019-12-31,Australia,2962.0,183.73
2019-12-31,Germany,5007.0,157.05
2020-01-31,USA,972.0,147.71
2020-01-31,UK,1264.0,147.32
2020-01-31,Japan,880.0,193.31
2020-01-31,Australia,1043.0,166.93
2020-01-31,Germany,1547.0,148.1
2020-02-29,USA,1141.0,168.36
2020-02-29,UK,1902.0,150.65
2020-02-29,Japan,1083.0,190.32
2020-02-29,Australia,1710.0,165.85
2020-02-29,Germany,1524.0,155.49
2020-03-31,USA,1591.0,148.81
2020-03-31,UK,1070.0,109.51
2020-03-31,Japan,1743.0,175.04
2020-03-31,Australia,2167.0,151.4
2020-03-31,Germany,1700.0,142.61
2020-04-30,USA,2499.0,121.28
2020-04-30,UK,2436.0,130.2
2020-04-30,Japan,1954.0,209.24
2020-04-30,Australia,2219.0,168.0
2020-04-30,Germany,2190.0,132.29
2020-05-31,USA,2475.0,163.24
2020-05-31,UK,2806.0,105.24
2020-05-31,Japan,2929.0,160.96
2020-05-31,Australia,2415.0,191.77
2020-05-31,Germany,2512.0,127.55
2020-06-30,USA,2503.0,140.14
2020-06-30,UK,2417.0,146.99
2020-06-30,Japan,2630.0,186.14
2020-06-30,Australia,2752.0,186.15
2020-06-30,Germany,2732.0,152.59
2020-07-31,USA,850000.0,138.8
2020-07-31,UK,2617.0,142.21
2020-07-31,Japan,2444.0,202.35
2020-07-31,Australia,2736.0,168.17
2020-07-31,Germany,2572.0,135.96
2020-08-31,USA,2125.0,171.98
2020-08-31,UK,2360.0,146.27
2020-08-31,Japan,2468.0,200.42
2020-08-31,Australia,2328.0,173.79
2020-08-31,Germany,2247.0,137.4
2020-09-30,USA,1821.0,161.9
2020-09-30,UK,1615.0,171.85
2020-09-30,Japan,1573.0,175.72
2020-09-30,Australia,2060.0,195.83
2020-09-30,Germany,1940.0,152.57
2020-10-31,USA,1422.0,132.05
2020-10-31,UK,1441.0,116.46
2020-10-31,Japan,1644.0,197.06
2020-10-31,Australia,1239.0,173.57
2020-10-31,Germany,1517.0,128.73
2020-11-30,USA,965.0,154.87
2020-11-30,UK,1205.0,119.86
2020-11-30,Japan,1044.0,204.64
2020-11-30,Australia,824.0,151.85
2020-11-30,Germany,988.0,135.73
2020-12-31,USA,1119.0,179.51
2020-12-31,UK,1242.0,126.8
2020-12-31,Japan,1045.0,179.95
2020-12-31,Australia,1045.0,174.23
2020-12-31,Germany,1122.0,123.46
2021-01-31,USA,1417.0,180.65
2021-01-31,UK,1275.0,138.03
2021-01-31,Japan,1455.0,191.98
2021-01-31,Australia,1350.0,180.25
2021-01-31,Germany,1322.0,124.54
2021-02-28,USA,1580.0,159.96
2021-02-28,UK,1901.0,149.19
2021-02-28,Japan,2059.0,184.65
2021-02-28,Australia,1771.0,183.67
2021-02-28,Germany,2067.0,123.83
2021-03-31,USA,1761.0,138.01
2021-03-31,UK,1472.0,119.48
2021-03-31,Japan,1779.0,203.01
2021-03-31,Australia,2026.0,217.52
2021-03-31,Germany,2163.0,128.46
2021-04-30,USA,2122.0,159.84
2021-04-30,UK,2027.0,166.63
2021-04-30,Japan,2590.0,190.62
2021-04-30,Australia,1939.0,207.08
2021-04-30,Germany,2299.0,164.76
2021-05-31,USA,2240.0,138.01
2021-05-31,UK,2600.0,130.94
2021-05-31,Japan,2498.0,212.46
2021-05-31,Australia,2359.0,177.15
2021-05-31,Germany,2626.0,150.29
2021-06-30,USA,2860.0,127.51
2021-06-30,UK,2354.0,155.55
2021-06-30,Japan,2774.0,185.03
2021-06-30,Australia,3048.0,182.31
2021-06-30,Germany,2965.0,141.35
2021-07-31,USA,3063.0,185.11
2021-07-31,UK,2543.0,149.43
2021-07-31,Japan,2744.0,227.37
2021-07-31,Australia,2382.0,193.72
2021-07-31,Germany,2837.0,104.83
2021-08-31,USA,2058.0,109.22
2021-08-31,UK,2264.0,144.35
2021-08-31,Japan,2662.0,201.48
2021-08-31,Australia,2691.0,152.4
2021-08-31,Germany,1941.0,138.89
2021-09-30,USA,2036.0,149.35
2021-09-30,UK,1484.0,128.22
2021-09-30,Japan,1656.0,213.39
2021-09-30,Australia,2032.0,161.2
2021-09-30,Germany,1834.0,118.82
2021-10-31,USA,1560.0,169.1
2021-10-31,UK,1353.0,140.08
2021-10-31,Japan,1455.0,184.14
2021-10-31,Australia,1550.0,159.3
2021-10-31,Germany,1450.0,116.04
2021-11-30,USA,1742.0,150.71
2021-11-30,UK,1143.0,134.28
2021-11-30,Japan,1275.0,195.58
2021-11-30,Australia,1438.0,195.15
2021-11-30,Germany,1181.0,128.48
2021-12-31,USA,1138.0,103.96
2021-12-31,UK,859.0,157.34
2021-12-31,Japan,1570.0,195.02
2021-12-31,Australia,1329.0,186.23
2021-12-31,Germany,1892.0,162.39
2022-01-31,USA,9477.0,130.89
2022-01-31,UK,7260.0,134.07
2022-01-31,Japan,8535.0,171.55
2022-01-31,Australia,8700.0,158.37
2022-01-31,Germany,12200.0,157.63
2022-02-28,USA,11488.0,179.6
2022-02-28,UK,11616.0,112.77
2022-02-28,Japan,13784.0,210.78
2022-02-28,Australia,9944.0,176.19
2022-02-28,Germany,10186.0,112.34
2022-03-31,USA,15389.0,188.19
2022-03-31,UK,11902.0,141.26
2022-03-31,Japan,13024.0,190.26
2022-03-31,Australia,13111.0,162.72
2022-03-31,Germany,14072.0,123.38
2022-04-30,USA,16905.0,149.0
2022-04-30,UK,16141.0,111.85
2022-04-30,Japan,15634.0,215.11
2022-04-30,Australia,17251.0,160.45
2022-04-30,Germany,16648.0,155.03
2022-05-31,USA,15826.0,160.87
2022-05-31,UK,17336.0,141.41
2022-05-31,Japan,17185.0,163.9
2022-05-31,Australia,15888.0,180.96
2022-05-31,Germany,18719.0,121.91
2022-06-30,USA,19957.0,116.77
2022-06-30,UK,18900.0,105.78
2022-06-30,Japan,18022.0,200.95
2022-06-30,Australia,17709.0,172.31
2022-06-30,Germany,20509.0,128.46
2022-07-31,USA,19583.0,127.41
2022-07-31,UK,19124.0,158.83
2022-07-31,Japan,14622.0,184.06
2022-07-31,Australia,19195.0,175.94
2022-07-31,Germany,18886.0,127.92
2022-08-31,USA,16629.0,146.89
2022-08-31,UK,18251.0,135.09
2022-08-31,Japan,17006.0,191.76
2022-08-31,Australia,15768.0,171.35
2022-08-31,Germany,17091.0,131.58
2022-09-30,USA,14434.0,191.51
2022-09-30,UK,15306.0,123.48
2022-09-30,Japan,15801.0,191.84
2022-09-30,Australia,10942.0,159.84
2022-09-30,Germany,11193.0,132.97
2022-10-31,USA,11527.0,183.53
2022-10-31,UK,11990.0,125.62
2022-10-31,Japan,12744.0,155.78
2022-10-31,Australia,11853.0,195.42
2022-10-31,Germany,9282.0,162.88
2022-11-30,USA,10177.0,141.69
2022-11-30,UK,10619.0,175.41
2022-11-30,Japan,9942.0,204.96
2022-11-30,Australia,8980.0,163.0
2022-11-30,Germany,10915.0,122.88
2022-12-31,USA,9107.0,140.45
2022-12-31,UK,9718.0,136.67
2022-12-31,Japan,10556.0,189.8
2022-12-31,Australia,8595.0,160.42
2022-12-31,Germany,8333.0,147.55
2023-01-31,USA,11805.0,131.56
2023-01-31,UK,11974.0,157.11
2023-01-31,Japan,11290.0,237.54
2023-01-31,Australia,9509.0,155.11
2023-01-31,Germany,8001.0,169.92
2023-02-28,USA,13481.0,148.89
2023-02-28,UK,12919.0,107.49
2023-02-28,Japan,16168.0,202.58
2023-02-28,Australia,12664.0,194.52
2023-02-28,Germany,13221.0,144.48
2023-03-31,USA,13814.0,159.43
2023-03-31,UK,17823.0,156.91
2023-03-31,Japan,17389.0,189.78
2023-03-31,Australia,13515.0,177.48
2023-03-31,Germany,15083.0,161.88
2023-04-30,USA,14961.0,180.59
2023-04-30,UK,17262.0,121.46
2023-04-30,Japan,15981.0,166.9
2023-04-30,Australia,18734.0,181.47
2023-04-30,Germany,15565.0,114.1
2023-05-31,USA,18826.0,183.38
2023-05-31,UK,18940.0,99.94
2023-05-31,Japan,18961.0,194.55
2023-05-31,Australia,15284.0,178.91
2023-05-31,Germany,18983.0,153.92
2023-06-30,USA,22773.0,172.53
2023-06-30,UK,19596.0,107.87
2023-06-30,Japan,23860.0,201.18
2023-06-30,Australia,20020.0,179.52
2023-06-30,Germany,20297.0,137.11
2023-07-31,USA,18469.0,139.06
2023-07-31,UK,19280.0,119.13
2023-07-31,Japan,18260.0,202.13
2023-07-31,Australia,18947.0,210.08
2023-07-31,Germany,15353.0,161.83
2023-08-31,USA,19369.0,108.53
2023-08-31,UK,16985.0,122.57
2023-08-31,Japan,15388.0,184.44
2023-08-31,Australia,15834.0,215.05
2023-08-31,Germany,18903.0,165.43
2023-09-30,USA,16082.0,127.42
2023-09-30,UK,14213.0,139.79
2023-09-30,Japan,13166.0,214.26
2023-09-30,Australia,14639.0,172.5
2023-09-30,Germany,16066.0,148.89
2023-10-31,USA,11958.0,173.19
2023-10-31,UK,10878.0,142.32
2023-10-31,Japan,13389.0,193.81
2023-10-31,Australia,12989.0,154.98
2023-10-31,Germany,13886.0,136.3
2023-11-30,USA,9885.0,170.98
2023-11-30,UK,9613.0,101.83
2023-11-30,Japan,8334.0,212.12
2023-11-30,Australia,8749.0,215.1
2023-11-30,Germany,7546.0,173.93
2023-12-31,USA,10316.0,148.07
2023-12-31,UK,9182.0,137.98
2023-12-31,Japan,9943.0,222.07
2023-12-31,Australia,10171.0,183.01
2023-12-31,Germany,9454.0,138.86
