Tourist_ID,Country,Age,Gender,Visit_Date,Duration_Days,Spend_USD,Purpose,Satisfaction,Season,Accommodation,Group_Size
T0001,Frnace,74.0,Female,2022-01-01,17.0,1629.9,Medical,1.0,Winter,Resort,7
T0002,thailand,54.0,Other,2022-01-02,1.0,4954.71,Business,5.0,Spring,Airbnb,9
T0003,Canada,62.0,Male,2022-01-03,27.0,502.75,Leisure,3.0,Autumn,Guesthouse,8
T0004,Brazil,64.0,Male,2022-01-04,12.0,3373.33,,1.0,Spring,Hostel,9
T0005,Canada,48.0,Female,2022-01-05,28.0,2844.85,Medical,5.0,Winter,Resort,2
T0006,Brazil,22.0,Other,06/01/2022,16.0,,Business,4.0,Summer,Hostel,9
T0007,usa,55.0,Other,2022-01-07,28.0,3096.47,Business,3.0,Winter,Resort,2
T0008,italy,37.0,Female,2022-01-08,19.0,1184.58,,5.0,Summer,Guesthouse,1
T0009,Spain,72.0,Female,2022-01-09,4.0,3292.35,Education,2.0,Spring,Hostel,3
T0010,ITALY,63.0,Female,2022-01-10,20.0,,Business,2.0,Spring,Airbnb,-1
T0011,france,40.0,Male,2022-01-11,21.0,950000.0,Transit,1.0,Autumn,Airbnb,-1
T0012,UAE,42.0,F,2022-01-12,1.0,3125.07,Transit,5.0,Summer,Hostel,9
T0013,Thailand,45.0,Other,2022-01-13,21.0,4426.73,Business,3.0,Winter,Airbnb,1
T0014,UAE,51.0,Other,2022-01-14,1.0,904.37,Business,5.0,Summer,Hotel,3
T0015,France,46.0,Female,2022-01-15,28.0,4358.91,,1.0,Autumn,Resort,3
T0016,France,39.0,Other,2022-01-16,9.0,974.9,Education,,Summer,Hotel,5
T0017,Indiaa,50.0,Other,2022-01-17,6.0,1512.86,Medical,1.0,Winter,Hostel,5
T0018,Japan,47.0,Other,2022-01-18,,4078.32,Transit,2.0,Winter,Hotel,3
T0019,Italy,22.0,Other,19/01/2022,22.0,3157.18,Business,5.0,Spring,Guesthouse,1
T0020,UAE,55.0,Male,2022-01-20,19.0,2788.05,Medical,,Spring,Hotel,6
T0021,U.S.A,58.0,Female,2022-01-21,27.0,4055.88,Transit,5.0,Winter,Airbnb,8
T0022,india,,Male,2022-01-22,3.0,1509.8,Transit,4.0,Winter,Resort,8
T0023,Brazil,39.0,Female,2022-01-23,5.0,4648.3,Business,5.0,Winter,Resort,4
T0024,Brazil,26.0,Other,2022-01-24,24.0,1510.65,Medical,1.0,Spring,Airbnb,6
T0025,Italy,53.0,Male,2022-01-25,23.0,1351.02,Business,4.0,Autumn,Hotel,6
T0026,Canada,35.0,Female,2022-01-26,11.0,2011.51,,4.0,Winter,Guesthouse,2
T0027,UAE,41.0,Other,2022-01-27,3.0,3775.58,Leisure,4.0,Winter,Airbnb,4
T0028,Spain,64.0,Female,2022-01-28,13.0,2179.37,Leisure,2.0,Winter,Hostel,8
T0029,Italy,51.0,Other,2022-01-29,,3728.2,Transit,4.0,Summer,Hostel,8
T0030,Canada,71.0,Female,2022-01-30,23.0,4464.74,Medical,5.0,Autumn,Guesthouse,4
T0031,France,49.0,Female,31/01/2022,26.0,4972.6,Education,1.0,Winter,Hotel,1
T0032,Canada,40.0,Male,01/02/2022,20.0,4336.61,Transit,1.0,Winter,Hotel,8
T0033,India,70.0,Female,2022-02-02,,4296.29,Transit,-1.0,Spring,Guesthouse,8
T0034,Spain,18.0,Male,2022-02-03,3.0,,Transit,2.0,Winter,Guesthouse,1
T0035,Canada,63.0,Female,2022-02-04,16.0,1533.83,Transit,5.0,Autumn,Guesthouse,2
T0036,Thailand,31.0,Other,2022-02-05,13.0,4373.3,,4.0,Spring,Hotel,8
T0037,Thailand ,28.0,Female,2022-02-06,17.0,4909.23,Transit,,Autumn,Hotel,6
T0038,Japan,60.0,Other,2022-02-07,23.0,,Business,5.0,Spring,Resort,7
T0039,USA,,Female,2022-02-08,15.0,,Education,,Summer,Airbnb,6
T0040,Spain,34.0,Male,2022-02-09,5.0,3257.46,Education,1.0,Winter,Resort,6
T0041,India,20.0,Other,2022-02-10,1.0,2760.14,Leisure,5.0,Winter,Resort,7
T0042,Spain,46.0,Female,2022-02-11,22.0,2525.63,Transit,,Summer,Hostel,4
T0043,France,23.0,Male,2022-02-12,27.0,4942.2,Transit,,Summer,Hostel,1
T0044,USA,63.0,Female,2022-02-13,,1681.48,,1.0,Winter,Hostel,9
T0045,france,74.0,Other,2022-02-14,12.0,567.28,Education,3.0,Winter,Hotel,1
T0046,Canada,32.0,Other,2022-02-15,29.0,3103.11,Education,1.0,Winter,Hostel,2
T0047,France,61.0,Female,2022-02-16,21.0,3308.44,Medical,4.0,Spring,Guesthouse,4
T0048,Thailand,,Female,2022-02-17,19.0,2779.9,Transit,1.0,Spring,Resort,7
T0049,Brazil,,MALE,2022-02-18,24.0,3773.28,Medical,,Autumn,Resort,-1
T0050,Brazil,65.0,Female,2022-02-19,29.0,419.64,Medical,1.0,Winter,Guesthouse,6
T0051,Canada,60.0,Female,2022-02-20,25.0,4681.4,,1.0,Spring,Resort,8
T0052,USA,72.0,Male,2022-02-21,8.0,2877.56,Transit,,Winter,Hotel,5
T0053,Canada,63.0,Other,2022-02-22,,435.58,Transit,2.0,Spring,Airbnb,-1
T0054,Brazil,74.0,Male,2022-02-23,20.0,4966.04,Business,1.0,Winter,Hotel,7
T0055,India,26.0,FEMALE,2022-02-24,,354.84,Leisure,5.0,Autumn,Guesthouse,8
T0056,UAE,185.0,Other,2022-02-25,12.0,3992.03,Medical,2.0,Autumn,Airbnb,5
T0057,Thailand,51.0,Female,2022-02-26,15.0,2382.19,Leisure,1.0,Summer,Guesthouse,7
T0058,USA,,Other,2022-02-27,4.0,1784.23,,1.0,Autumn,Guesthouse,5
T0059,India,42.0,Male,2022-02-28,6.0,2941.04,Business,4.0,Autumn,Airbnb,6
T0060,Japan,65.0,Other,2022-03-01,22.0,2220.11,Medical,2.0,Summer,Airbnb,1
T0061,India,51.0,Female,2022-03-02,27.0,957.28,Medical,4.0,Spring,Resort,6
T0062,USA,26.0,Female,2022-03-03,11.0,2233.58,Education,4.0,Winter,Airbnb,4
T0063,Thailand ,69.0,Female,2022-03-04,9.0,3549.58,Leisure,3.0,Autumn,Airbnb,8
T0064,USA,46.0,Other,2022-03-05,11.0,4693.14,Business,4.0,Spring,Resort,9
T0065,Brazil,46.0,Female,2022-03-06,15.0,3505.15,Transit,1.0,Winter,Hostel,1
T0066,Thailand,45.0,Other,2022-03-07,29.0,4121.88,Education,2.0,Spring,Hostel,5
T0067,Spain,20.0,Female,2022-03-08,12.0,3937.16,Business,,Winter,Resort,6
T0068,Spain,26.0,Female,2022-03-09,14.0,221.98,Education,2.0,Summer,Hostel,1
T0069,Canada,45.0,Male,2022-03-10,12.0,4889.3,Medical,5.0,Winter,Hotel,6
T0070,Italy,49.0,Male,2022-03-11,28.0,4126.34,Business,1.0,Autumn,Airbnb,6
T0071,France,38.0,MALE,2022-03-12,16.0,1744.66,Education,3.0,Spring,Hotel,5
T0072,Italy,36.0,Male,2022-03-13,9.0,4048.06,Transit,2.0,Spring,Airbnb,6
T0073,Canada,52.0,female,2022-03-14,24.0,1612.46,Transit,3.0,Spring,Hotel,7
T0074,UAE,67.0,Other,2022-03-15,6.0,848.98,Medical,3.0,Autumn,Hotel,8
T0075,Japan,38.0,Male,2022-03-16,27.0,1243.09,Transit,4.0,Autumn,Hostel,2
T0076,Spain,29.0,Female,2022-03-17,1.0,580.85,Education,5.0,Summer,Resort,1
T0077,UAE,19.0,Female,2022-03-18,18.0,2438.22,Education,,Winter,Resort,6
T0078,Spain,33.0,Female,2022-03-19,16.0,3379.73,Medical,3.0,Winter,Hostel,5
T0079,India,65.0,Male,2022-03-20,25.0,2764.44,Medical,3.0,Summer,Airbnb,5
T0080,Thailand,53.0,Other,21/03/2022,28.0,2712.71,Transit,5.0,Spring,Hostel,6
T0081,UAE,47.0,FEMALE,2022-03-22,10.0,1924.54,Medical,1.0,Spring,Hostel,6
T0082,Canada,21.0,Other,2022-03-23,5.0,,Education,4.0,Spring,Airbnb,8
T0083,Spain,74.0,Male,2022-03-24,15.0,2032.23,Transit,5.0,Winter,Hostel,1
T0084,UAE,49.0,Male,25/03/2022,8.0,2379.37,,3.0,Winter,Hostel,8
T0085,UAE,74.0,Female,2022-03-26,24.0,1924.23,Transit,3.0,Spring,Guesthouse,4
T0086,Brazil,24.0,Other,2022-03-27,1.0,4762.22,Transit,5.0,Autumn,Hostel,4
T0087,Brazil,44.0,Other,2022-03-28,28.0,4228.77,Medical,3.0,Winter,Guesthouse,3
T0088,India,46.0,Other,2022-03-29,12.0,1110.62,Education,4.0,Spring,Resort,5
T0089,USA,61.0,Other,30/03/2022,11.0,,Transit,2.0,Summer,Resort,4
T0090,thailand,51.0,FEMALE,2022-03-31,20.0,4716.17,Education,2.0,Winter,Guesthouse,6
T0091,Italy,,F,2022-04-01,18.0,,Leisure,5.0,Summer,Resort,6
T0092,Indiaa,28.0,Female,2022-04-02,16.0,1458.57,Business,2.0,Summer,Resort,8
T0093,Brazil,38.0,Female,2022-04-03,9.0,3280.56,Transit,3.0,Summer,Guesthouse,3
T0094,India,23.0,Male,2022-04-04,24.0,,Transit,,Winter,Resort,9
T0095,Canada,57.0,Other,05/04/2022,13.0,4190.06,Education,3.0,Winter,Hostel,5
T0096,India,69.0,Male,2022-04-06,21.0,4084.69,Leisure,1.0,Winter,Hostel,3
T0097,Brazil,48.0,Male,2022-04-07,27.0,3312.16,Medical,2.0,Autumn,Hostel,3
T0098,Italy,63.0,Female,2022-04-08,7.0,3955.1,Medical,,Spring,Resort,8
T0099,Frnace,29.0,Male,2022-04-09,12.0,978.32,Business,3.0,Spring,Hotel,7
T0100,Indiaa,44.0,Female,2022-04-10,28.0,,Medical,2.0,Summer,Resort,4
T0101,UAE,,Female,11/04/2022,25.0,1778.79,Business,2.0,Spring,Airbnb,-1
T0102,Canada,52.0,Other,2022-04-12,16.0,659.24,Business,4.0,Autumn,Hostel,6
T0103,U.S.A,62.0,Female,2022-04-13,26.0,4128.34,Education,3.0,Summer,Resort,4
T0104,UAE,47.0,Male,2022-04-14,12.0,3183.42,Leisure,2.0,Spring,Airbnb,8
T0105,Japan,,Female,2022-04-15,,206.39,,5.0,Autumn,Hotel,8
T0106,France,41.0,Male,2022-04-16,22.0,1791.81,Leisure,,Autumn,Hostel,1
T0107,italy,27.0,MALE,2022-04-17,23.0,3278.97,Transit,5.0,Spring,Hostel,3
T0108,USA,66.0,Female,2022-04-18,24.0,3466.96,Medical,3.0,Summer,Hotel,9
T0109,Japan,62.0,Male,2022-04-19,9.0,3606.4,Business,5.0,Spring,Guesthouse,6
T0110,Brazil,23.0,Other,2022-04-20,9.0,4609.65,Medical,2.0,Autumn,Resort,2
T0111,USA,,Other,21/04/2022,28.0,775.84,Transit,4.0,Winter,Resort,3
T0112,U.S.A,38.0,Other,2022-04-22,14.0,2038.76,Business,0.0,Autumn,Resort,7
T0113,UAE,61.0,MALE,2022-04-23,24.0,1181.53,Medical,2.0,Autumn,Resort,1
T0114,USA,54.0,Other,2022-04-24,25.0,4170.65,Business,4.0,Summer,Resort,2
T0115,Thailand,37.0,Other,2022-04-25,15.0,381.26,Medical,3.0,Spring,Resort,3
T0116,USA,63.0,Female,2022-04-26,13.0,1019.14,Business,-1.0,Summer,Hotel,3
T0117,Japan,,Female,2022-04-27,14.0,2533.74,,2.0,Winter,Airbnb,8
T0118,France,23.0,Female,2022-04-28,,391.62,Medical,,Winter,Hotel,9
T0119,Japan,61.0,Female,2022-04-29,8.0,2612.95,Medical,1.0,Summer,Guesthouse,2
T0120,Thailand,49.0,Other,2022-04-30,,4932.2,Transit,4.0,Summer,Resort,7
T0121,Japan,50.0,Other,2022-05-01,500.0,4650.68,Leisure,1.0,Autumn,Hotel,4
T0122,UAE,31.0,Other,2022-05-02,25.0,1115.33,Transit,0.0,Winter,Hotel,8
T0123,Italy,53.0,Other,03/05/2022,29.0,2279.78,Business,5.0,Winter,Hotel,3
T0124,Italy,60.0,M,04/05/2022,15.0,2213.36,Medical,1.0,Winter,Guesthouse,5
T0125,Canada,,Female,2022-05-05,26.0,896.63,Transit,,Spring,Hostel,8
T0126,Canada,41.0,Male,2022-05-06,23.0,4348.19,Education,3.0,Summer,Hostel,7
T0127,USA,42.0,Male,2022-05-07,29.0,3497.1,Education,2.0,Spring,Airbnb,5
T0128,UAE,73.0,Female,2022-05-08,7.0,4721.69,Medical,1.0,Autumn,Resort,3
T0129,Canada,44.0,Female,2022-05-09,24.0,4113.7,Leisure,4.0,Spring,Hostel,9
T0130,Spain,38.0,Female,2022-05-10,12.0,2433.72,Education,2.0,Winter,Hotel,7
T0131,Spain,27.0,Female,2022-05-11,24.0,1701.34,Leisure,2.0,Spring,Guesthouse,6
T0132,France,58.0,Female,2022-05-12,10.0,2702.38,Leisure,2.0,Winter,Airbnb,9
T0133,Spain,58.0,Female,2022-05-13,20.0,3408.67,Leisure,3.0,Winter,Resort,1
T0134,India,61.0,Male,14/05/2022,5.0,2050.27,Medical,4.0,Winter,Guesthouse,3
T0135,U.S.A,25.0,Other,2022-05-15,13.0,1485.53,Medical,3.0,Autumn,Hotel,4
T0136,UAE,41.0,Male,2022-05-16,25.0,4444.78,,5.0,Spring,Hotel,8
T0137,India,73.0,Female,2022-05-17,29.0,3171.11,Education,3.0,Summer,Resort,9
T0138,Japan,57.0,Male,2022-05-18,18.0,3205.69,Business,5.0,Spring,Hostel,1
T0139,UAE,26.0,Female,2022-05-19,,2985.8,Business,1.0,Summer,Resort,5
T0140,USA,46.0,Other,2022-05-20,11.0,4323.08,,2.0,Autumn,Hostel,2
T0141,Brazil,,Female,2022-05-21,3.0,3566.44,Medical,5.0,Autumn,Guesthouse,9
T0142,Japan,18.0,Other,2022-05-22,24.0,2897.04,Medical,5.0,Spring,Resort,7
T0143,ITALY,38.0,Female,2022-05-23,,2848.91,Business,3.0,Summer,Airbnb,6
T0144,USA,68.0,Female,2022-05-24,19.0,4957.7,Transit,4.0,Spring,Airbnb,9
T0145,Spain,66.0,Female,2022-05-25,20.0,2459.38,Business,4.0,Spring,Airbnb,2
T0146,India,31.0,Other,2022-05-26,7.0,,Leisure,5.0,Autumn,Airbnb,6
T0147,France,31.0,Male,2022-05-27,4.0,,Medical,2.0,Autumn,Guesthouse,1
T0148,UAE,40.0,Female,2022-05-28,12.0,4992.13,Business,2.0,Autumn,Guesthouse,2
T0149,INDIA,43.0,Male,2022-05-29,27.0,,Education,5.0,Autumn,Airbnb,4
T0150,Spain,41.0,Female,2022-05-30,25.0,3787.33,Transit,5.0,Autumn,Resort,4
T0151,thailand,51.0,Male,2022-05-31,27.0,1042.49,Education,1.0,Spring,Guesthouse,2
T0152,Spain,61.0,Male,2022-06-01,9.0,4285.87,Business,3.0,Winter,Guesthouse,8
T0153,Canada,52.0,Other,2022-06-02,23.0,1971.47,Medical,4.0,Winter,Hostel,3
T0154,Brazil,30.0,Other,2022-06-03,28.0,3364.77,Transit,2.0,Winter,Guesthouse,3
T0155,Thailand,58.0,Male,2022-06-04,6.0,2425.98,Transit,3.0,Autumn,Hostel,1
T0156,france,35.0,Female,2022-06-05,29.0,3773.26,Medical,4.0,Winter,Hostel,9
T0157,Spain,52.0,Other,2022-06-06,21.0,507.9,,4.0,Spring,Hostel,6
T0158,India,65.0,Male,2022-06-07,,1218.95,Medical,3.0,Spring,Hotel,4
T0159,India,56.0,Other,2022-06-08,6.0,2899.37,Leisure,1.0,Winter,Airbnb,2
T0160,UAE,19.0,Male,2022-06-09,17.0,3969.26,Transit,4.0,Autumn,Hostel,6
T0161,UAE,20.0,Female,2022-06-10,29.0,3401.7,Education,5.0,Summer,Hotel,6
T0162,India,74.0,Male,2022-06-11,24.0,,Medical,4.0,Spring,Hotel,4
T0163,UAE,22.0,Female,2022-06-12,7.0,2181.94,Leisure,4.0,Summer,Resort,6
T0164,UAE,35.0,Female,2022-06-13,5.0,906.65,Education,2.0,Summer,Hostel,2
T0165,Italy,61.0,Male,14/06/2022,5.0,4249.36,Education,4.0,Winter,Hostel,8
T0166,Indiaa,29.0,Female,15/06/2022,28.0,781.15,Medical,5.0,Summer,Hotel,9
T0167,Canada,63.0,Male,2022-06-16,17.0,4732.06,,3.0,Autumn,Airbnb,5
T0168,Canada,57.0,Female,2022-06-17,20.0,1696.45,Education,4.0,Autumn,Resort,8
T0169,Brazil,41.0,Male,2022-06-18,4.0,4421.79,Education,2.0,Winter,Hostel,5
T0170,USA,69.0,Other,2022-06-19,4.0,2664.33,Leisure,5.0,Winter,Guesthouse,2
T0171,India,47.0,Other,2022-06-20,25.0,214.71,,4.0,Spring,Guesthouse,9
T0172,Canada,69.0,Other,2022-06-21,19.0,3196.99,Leisure,3.0,Autumn,Airbnb,5
T0173,France,69.0,Male,2022-06-22,26.0,220.92,Education,1.0,Autumn,Hostel,7
T0174,Brazil,56.0,Female,2022-06-23,,1166.47,Leisure,4.0,Spring,Hostel,8
T0175,Brazil,63.0,Other,2022-06-24,12.0,3569.33,,4.0,Summer,Hostel,3
T0176,UAE,49.0,Other,2022-06-25,12.0,200.08,Education,4.0,Winter,Guesthouse,5
T0177,UAE,,Female,2022-06-26,15.0,4381.93,,1.0,Autumn,Guesthouse,4
T0178,Spain,28.0,Male,2022-06-27,,1239.16,Education,1.0,Spring,Hotel,6
T0179,usa,43.0,Other,2022-06-28,7.0,3699.49,Leisure,,Winter,Airbnb,3
T0180,USA,50.0,Female,2022-06-29,,1932.26,Leisure,3.0,Winter,Resort,4
T0181,Thailand,62.0,Other,2022-06-30,11.0,4447.97,Education,1.0,Spring,Airbnb,7
T0182,India,22.0,Female,2022-07-01,17.0,2788.14,Medical,3.0,Summer,Hostel,7
T0183,Japan,60.0,Other,2022-07-02,6.0,1595.83,Leisure,5.0,Spring,Guesthouse,2
T0184,USA,20.0,Other,2022-07-03,28.0,4377.05,Medical,1.0,Winter,Hostel,6
T0185,USA,32.0,Male,2022-07-04,2.0,1724.5,Business,2.0,Autumn,Hostel,3
T0186,Spain,73.0,Male,2022-07-05,1.0,836.35,Medical,2.0,Spring,Resort,5
T0187,france,36.0,Other,2022-07-06,14.0,4332.39,Business,4.0,Summer,Resort,1
T0188,Spain,49.0,Female,2022-07-07,20.0,4014.12,Medical,2.0,Winter,Resort,6
T0189,Japan,44.0,Female,2022-07-08,7.0,3420.22,Medical,5.0,Summer,Hotel,2
T0190,Spain,,Female,2022-07-09,17.0,4098.92,Transit,2.0,Winter,Guesthouse,6
T0191,italy,25.0,Female,2022-07-10,6.0,3460.06,Medical,5.0,Spring,Hostel,7
T0192,Thailand,22.0,Female,2022-07-11,4.0,4516.73,Leisure,4.0,Autumn,Guesthouse,6
T0193,Frnace,42.0,Female,2022-07-12,18.0,850.21,Leisure,4.0,Summer,Resort,9
T0194,Canada,31.0,Other,2022-07-13,,3578.74,Business,,Spring,Airbnb,5
T0195,Italy,,Female,2022-07-14,,3517.33,Business,6.0,Winter,Hostel,9
T0196,Brazil,,Female,2022-07-15,1.0,3469.19,Medical,3.0,Winter,Resort,1
T0197,Brazil,55.0,Female,2022-07-16,20.0,1336.21,Leisure,1.0,Winter,Guesthouse,3
T0198,Thailand ,72.0,Male,2022-07-17,4.0,,Leisure,5.0,Spring,Hostel,9
T0199,Spain,53.0,Female,2022-07-18,5.0,3498.96,Education,2.0,Winter,Airbnb,1
T0200,Spain,70.0,Other,2022-07-19,6.0,3663.27,Medical,2.0,Spring,Guesthouse,1
T0201,Japan,43.0,Male,2022-07-20,6.0,-300.0,Leisure,4.0,Winter,Resort,6
T0202,UAE,,Female,2022-07-21,28.0,,Business,5.0,Summer,Airbnb,1
T0203,Canada,20.0,Female,2022-07-22,24.0,,Leisure,2.0,Winter,Resort,7
T0204,Japan,71.0,Other,2022-07-23,18.0,1410.96,Education,2.0,Winter,Resort,9
T0205,France,44.0,Female,2022-07-24,4.0,3994.17,Business,3.0,Autumn,Resort,5
T0206,Brazil,57.0,Female,25/07/2022,29.0,4039.71,Transit,3.0,Winter,Guesthouse,7
T0207,Brazil,32.0,Other,2022-07-26,6.0,2419.17,,5.0,Autumn,Hostel,9
T0208,italy,37.0,Male,2022-07-27,15.0,3780.17,Transit,3.0,Autumn,Guesthouse,5
T0209,usa,39.0,Other,2022-07-28,4.0,1497.27,Transit,4.0,Spring,Hostel,8
T0210,USA,30.0,Female,2022-07-29,7.0,3408.42,,3.0,Winter,Hostel,1
T0211,Japan,26.0,Other,2022-07-30,,4054.67,Business,4.0,Winter,Hotel,1
T0212,Frnace,55.0,Female,2022-07-31,5.0,3337.13,Leisure,3.0,Spring,Resort,1
T0213,India,74.0,Other,2022-08-01,19.0,4535.4,Business,5.0,Summer,Resort,9
T0214,Japan,55.0,Female,02/08/2022,12.0,1151.07,Business,4.0,Summer,Guesthouse,1
T0215,Indiaa,43.0,Male,2022-08-03,3.0,4749.96,Transit,3.0,Winter,Guesthouse,2
T0216,Spain,70.0,Male,2022-08-04,18.0,3577.91,Medical,4.0,Summer,Hostel,2
T0217,France,47.0,Female,2022-08-05,6.0,,Business,4.0,Summer,Airbnb,3
T0218,Thailand,27.0,Male,2022-08-06,8.0,1197.21,Transit,4.0,Summer,Hostel,1
T0219,Spain,31.0,Female,2022-08-07,16.0,2761.7,Business,3.0,Autumn,Resort,9
T0220,Canada,47.0,Female,2022-08-08,25.0,489.84,Leisure,5.0,Summer,Hostel,5
T0221,Italy,34.0,Other,2022-08-09,18.0,1271.04,Business,1.0,Autumn,Hostel,3
T0222,France,,Female,2022-08-10,3.0,4567.35,Business,2.0,Winter,Resort,9
T0223,UAE,27.0,Female,2022-08-11,5.0,2950.76,Education,1.0,Summer,Resort,8
T0224,UAE,71.0,Other,2022-08-12,24.0,312.94,Education,4.0,Spring,Resort,4
T0225,France,,Male,2022-08-13,29.0,2451.7,Transit,4.0,Summer,Resort,9
T0226,Italy,46.0,Female,2022-08-14,18.0,1295.23,Business,2.0,Summer,Resort,4
T0227,Brazil,42.0,Female,2022-08-15,7.0,3234.5,Transit,4.0,Autumn,Guesthouse,5
T0228,Brazil,63.0,male,2022-08-16,2.0,2663.9,Medical,5.0,Autumn,Hotel,5
T0229,Japan,34.0,Other,2022-08-17,29.0,1882.64,Medical,4.0,Spring,Guesthouse,5
T0230,Canada,21.0,Male,18/08/2022,13.0,1466.1,Education,5.0,Winter,Airbnb,5
T0231,India,38.0,FEMALE,2022-08-19,24.0,,Education,1.0,Summer,Hostel,4
T0232,France,,Other,2022-08-20,26.0,1118.78,Medical,1.0,Autumn,Airbnb,3
T0233,Japan,33.0,Male,2022-08-21,11.0,839.09,Education,4.0,Summer,Hotel,1
T0234,india,68.0,Female,2022-08-22,17.0,2819.32,Education,,Spring,Hostel,5
T0235,Thailand,27.0,Male,2022-08-23,2.0,4277.05,Medical,3.0,Spring,Hotel,7
T0236,Japan,66.0,Other,2022-08-24,18.0,839.36,Medical,3.0,Summer,Resort,6
T0237,Brazil,52.0,Male,2022-08-25,25.0,331.29,Education,5.0,Spring,Guesthouse,1
T0238,Italy,22.0,Female,2022-08-26,20.0,3820.92,Leisure,2.0,Winter,Resort,2
T0239,Spain,35.0,Other,2022-08-27,1.0,3783.82,Business,3.0,Winter,Hotel,8
T0240,Canada,37.0,Male,2022-08-28,29.0,4358.52,Transit,4.0,Spring,Resort,1
T0241,Spain,65.0,Other,2022-08-29,,3921.15,Leisure,5.0,Spring,Airbnb,5
T0242,Japan,32.0,Female,2022-08-30,10.0,322.68,Education,4.0,Summer,Guesthouse,2
T0243,usa,70.0,Other,2022-08-31,27.0,1353.96,Medical,3.0,Summer,Hotel,8
T0244,UAE,37.0,Male,2022-09-01,22.0,1422.16,Medical,4.0,Summer,Resort,1
T0245,Spain,26.0,Other,2022-09-02,16.0,630.37,Business,0.0,Autumn,Hostel,2
T0246,Japan,58.0,Female,2022-09-03,12.0,4053.52,Transit,4.0,Spring,Airbnb,3
T0247,Spain,35.0,Male,2022-09-04,23.0,4377.51,Transit,1.0,Summer,Hotel,1
T0248,Brazil,27.0,Female,2022-09-05,14.0,,Education,4.0,Autumn,Airbnb,5
T0249,Thailand,67.0,Female,2022-09-06,24.0,2753.99,Business,5.0,Autumn,Hotel,5
T0250,USA,54.0,Female,2022-09-07,2.0,,Business,3.0,Spring,Airbnb,6
T0251,UAE,,Other,2022-09-08,6.0,1787.92,Transit,5.0,Autumn,Resort,7
T0252,France,29.0,Female,2022-09-09,14.0,3203.21,Education,1.0,Winter,Hostel,5
T0253,India,74.0,Female,2022-09-10,15.0,2002.4,Transit,4.0,Winter,Airbnb,7
T0254,Japan,32.0,F,2022-09-11,,3704.5,Medical,1.0,Summer,Hostel,4
T0255,Thailand ,19.0,Female,2022-09-12,9.0,1404.82,Medical,2.0,Spring,Hotel,3
T0256,Thailand,57.0,Other,2022-09-13,,1412.73,Leisure,1.0,Spring,Resort,5
T0257,Japan,71.0,Other,2022-09-14,,3826.53,Leisure,4.0,Winter,Guesthouse,3
T0258,France,43.0,Male,2022-09-15,9.0,3915.71,Medical,3.0,Autumn,Guesthouse,7
T0259,Indiaa,25.0,Male,2022-09-16,4.0,352.85,Medical,3.0,Winter,Hostel,7
T0260,Canada,,Male,2022-09-17,7.0,4230.06,Education,,Spring,Airbnb,7
T0261,U.S.A,25.0,Other,2022-09-18,11.0,3300.05,Transit,1.0,Spring,Hotel,2
T0262,ITALY,64.0,Other,2022-09-19,24.0,2919.83,Transit,3.0,Autumn,Airbnb,1
T0263,italy,56.0,Female,2022-09-20,2.0,,Education,,Autumn,Hostel,9
T0264,Thailand,39.0,Other,2022-09-21,17.0,616.11,Education,5.0,Summer,Airbnb,1
T0265,Thailand,,Male,2022-09-22,,400.43,Transit,4.0,Winter,Airbnb,1
T0266,UAE,49.0,Other,2022-09-23,27.0,2456.77,,3.0,Spring,Hotel,4
T0267,UAE,70.0,Female,2022-09-24,17.0,4234.01,Business,4.0,Summer,Airbnb,8
T0268,Japan,61.0,Female,2022-09-25,8.0,1201.91,Business,1.0,Summer,Guesthouse,4
T0269,France,64.0,Male,2022-09-26,23.0,994.89,Education,2.0,Autumn,Hostel,4
T0270,India,57.0,Male,2022-09-27,7.0,2472.36,Business,2.0,Spring,Guesthouse,9
T0271,Spain,25.0,Female,2022-09-28,7.0,2202.2,Business,4.0,Autumn,Resort,9
T0272,Thailand,53.0,Male,2022-09-29,20.0,4356.67,Business,5.0,Summer,Airbnb,7
T0273,Italy,67.0,Male,2022-09-30,4.0,548.75,Business,5.0,Summer,Hostel,3
T0274,UAE,39.0,Female,2022-10-01,25.0,1200.25,Education,3.0,Summer,Airbnb,1
T0275,Canada,19.0,Male,2022-10-02,17.0,3046.77,Education,2.0,Spring,Hotel,7
T0276,ITALY,27.0,Other,2022-10-03,17.0,1409.09,Education,2.0,Summer,Resort,2
T0277,India,25.0,Other,2022-10-04,12.0,4882.4,Business,,Autumn,Guesthouse,4
T0278,Brazil,56.0,Female,2022-10-05,1.0,4533.62,Transit,2.0,Spring,Hostel,1
T0279,Italy,59.0,Male,2022-10-06,16.0,2470.72,Business,5.0,Autumn,Resort,6
T0280,Japan,48.0,Male,07/10/2022,19.0,4509.49,Leisure,3.0,Summer,Hostel,8
T0281,Brazil,53.0,Male,2022-10-08,13.0,2230.76,Education,5.0,Summer,Guesthouse,6
T0282,Italy,37.0,Male,2022-10-09,3.0,2165.37,Business,4.0,Autumn,Hotel,7
T0283,thailand,51.0,Female,2022-10-10,20.0,1015.57,Transit,3.0,Summer,Resort,8
T0284,Japan,74.0,Other,2022-10-11,20.0,1967.09,Medical,1.0,Autumn,Resort,6
T0285,USA,49.0,Female,2022-10-12,5.0,,Education,5.0,Autumn,Hostel,6
T0286,UAE,64.0,Female,2022-10-13,23.0,238.23,Leisure,4.0,Autumn,Guesthouse,4
T0287,Brazil,54.0,Other,2022-10-14,12.0,4324.22,Medical,4.0,Spring,Resort,4
T0288,France,29.0,Male,2022-10-15,10.0,2668.75,Education,,Spring,Hostel,7
T0289,Canada,33.0,Other,2022-10-16,21.0,2597.77,,1.0,Autumn,Guesthouse,8
T0290,Brazil,27.0,Other,2022-10-17,19.0,3058.89,,,Autumn,Hostel,3
T0291,Italy,55.0,Male,2022-10-18,11.0,4692.73,Business,2.0,Spring,Guesthouse,4
T0292,UAE,67.0,Other,2022-10-19,24.0,2196.11,Medical,1.0,Spring,Hostel,6
T0293,Italy,63.0,Male,2022-10-20,13.0,1372.81,Transit,7.0,Winter,Resort,6
T0294,Spain,,Male,2022-10-21,18.0,1069.7,Medical,4.0,Winter,Resort,7
T0295,Italy,43.0,Other,2022-10-22,,2076.25,Medical,4.0,Winter,Airbnb,8
T0296,Canada,68.0,Female,2022-10-23,25.0,3531.5,Transit,1.0,Summer,Guesthouse,8
T0297,Thailand,40.0,Male,2022-10-24,23.0,919.02,Leisure,3.0,Winter,Guesthouse,4
T0298,Japan,56.0,Other,2022-10-25,29.0,3211.82,Transit,0.0,Autumn,Guesthouse,6
T0299,Brazil,43.0,Female,2022-10-26,21.0,724.64,,,Autumn,Hostel,2
T0300,Canada,65.0,Other,2022-10-27,14.0,2111.98,Business,4.0,Winter,Hostel,8
T0190,Spain,,Female,2022-07-09,17.0,4098.92,Transit,2.0,Winter,Guesthouse,6
T0124,ITALY,60.0,F,2022-05-04,15.0,2213.36,Medical,1.0,Winter,Guesthouse,5
T0186,Spain,73.0,Male,2022-07-05,1.0,836.35,Medical,2.0,Spring,Resort,5
T0214,Japan,55.0,Female,2022-08-02,12.0,1151.07,Business,4.0,Summer,Guesthouse,1
T0107,Italy,27.0,Male,2022-04-17,23.0,3278.97,Transit,5.0,Spring,Hostel,3
T0128,UAE,73.0,Female,2022-05-08,7.0,4721.69,Medical,1.0,Autumn,Resort,3
T0177,UAE,,Female,2022-06-26,15.0,4381.93,,1.0,Autumn,Guesthouse,4
T0074,UAE,67.0,Other,2022-03-15,6.0,848.98,Medical,3.0,Autumn,Hotel,8
T0276,Italy,27.0,Other,2022-10-03,17.0,1409.09,Education,2.0,Summer,Resort,2
T0243,USA,70.0,Other,2022-08-31,27.0,1353.96,Medical,3.0,Summer,Hotel,8
T0267,UAE,70.0,Female,24/09/2022,17.0,4234.01,Business,4.0,Summer,Airbnb,8
T0148,UAE,40.0,Female,2022-05-28,12.0,4992.13,Business,2.0,Autumn,Guesthouse,2
